"Jace, Beherrscher der Mysterien","DE","WAR",,
"Wonder","EN","EMA",,
"Lenkdrachen-Diebin","DE","LCI",,
"Sinnbild der Vorstellungskraft","DE","C18",,
"Sage of the Beyond","EN","KHC",,
"Loyaler Sceada","DE","C18",,
"Laboratory Maniac","EN","UMA",,
"Thassa's Oracle","EN","THB",,
"Funken-Doppelgänger","DE","WAR",,
"Talrand, Sky Summoner","EN","DDS",,
"Teferi's Ageless Insight","EN","M21",,
"Stechender Feuerfisch","DE","THB",,
"Rumpfbrecher-Schrecken","DE","WOC",,
"Wellenbrecher-Hippokamp","DE","THB",,
"Najade der versteckten Buchten","DE","THB",,
"Curse of Verbosity","EN","AFC",,
"Curiosity","EN","A25",,
"Schlangenauge","DE","TSP",,
"Zeugenschutz","DE","SNC",,
"Propaganda","EN","C20",,
"Coastal Piracy","EN","JMP",,
"Aufklärungsmission","DE","WOC",,
"Entdeckungen der Sippe","DE","CLB",,
"Mystic Remora","EN","ICE",,
"Wachsame Schwelle","DE","C18",,
"Jace's Sanctum","EN","C19",,
"Kumena's Awakening","EN","RIX",,
"Beacon of Tomorrows","EN","DDS",,
"Windfall","EN","IMA",,
"co","DE","WAR",,
"Flood of Tears","EN","M20",,
"Spiegelungen von Littjara","DE","WOC",,
"Drawn from Dreams","EN","M20",,
"Mind Spring","EN","C20",,
"Silbrige Untersuchung","DE","DMU",,
"Aminatous Weissagung","DE","C18",,
"Spectral Deluge","EN","KHC",,
"Time Reversal","EN","M11",,
"River's Rebuke","EN","XLN",,
"Vorzeichen","DE","C18",,
"Visionen nach Serumsgenuss","DE","5DN",,
"Solve the Equation","EN","STX",,
"Rush of Knowledge","EN","C14",,
"Ferne Melodie","DE","ZNC",,
"Errichten der Palisaden","DE","LTC",,
"Secrets of the Golden City","EN","RIX",,
"Treasure Cruise","EN","C16",,
"Echo of Eons","EN","MH1",,
"Vorherbestimmen","DE","M11",,
"Step Between Worlds","EN","OTJ",,
"Shifting Grift","EN","OTJ",,
"Unerlaubter Abtritt","DE","MKM",,
"Begründeter Zweifel","DE","MKM",,
"Hinter der Maske","DE","MKM",,
"Schlussfolgern","DE","MKM",,
"Essence Capture","EN","OTP",,
"Sog der Zeit","DE","MOC",,
"Memory Lapse","EN","STA",,
"Beschleunigen","EN","M14",,
"Insidious Will","EN","KLD",,
"Mysteriöse Ablehnung","DE","WOC",,
"Suspend","EN","MH2",,
"Polymorphist's Jest","EN","M15",,
"Sublime Epiphany","EN","M21",,
"Drown in Dreams","EN","MIC",,
"Sudden Substitution","EN","C19",,
"Mystic Confluence","EN","BBD",,
"Ende der Geschichte","DE","M20",,
"Pongify","EN","2XM",,
"Fact or Fiction","EN","JVC",,
"Rapid Hybridization","EN","GK2",,
"Defabricate","EN","BRO",,
"Kleiner Fehler","DE","ONE",,
"Dissipate","EN","ISD",,
"Jwari Disruption","EN","ZNR",,
"Dispel","EN","BFZ",,
"Foil","EN","UMA",,
"Leadership Vacuum","EN","C19",,
"Tolarische Stürme","DE","USG",,
"High Tide","EN","FEM",,
"Stützen","DE","DMU",,
"Mystic Reflection","EN","KHM",,
"Swan Song","EN","THS",,
"Commander's Insight","EN","C21",,
"Ice Out","EN","PW23",,
"Verwirrender Test","DE","WOC",,
"Hastige Suche","DE","WOC",,
"Fakt oder Fiktion","DE","WOC",,
"Abwägen","DE","WOC",,
"Schnipsen","DE","WOC",,
"In den Zeiten wühlen","DE","WOC",,
"Theoretische Duplikation","DE","WOC",,
"List des Illusionisten","DE","WOC",,
"Wache halten","DE","WOC",,
"Zurückstoßen","DE","WOC",,
"Realitätsverschiebung","DE","WOC",,
"Zusammen durchbrennen","DE","WOC",,"Blue done"
"Sida Kondo of Jamuraa","EN","C16",,
"Migratory Route","EN","C16",,
"Kaya, ungreifbare Jägerin","DE","ONE",,
"Grumgully der Großzügige","DE","CLB",,
"Krydle von Baldurs Tor","DE","AFR",,
"Lachkasper Flint","DE","OTJ",,
"Izoni, Mittelpunkt des Netzes","DE","MKM",,
"Judith, Gemetzel-Genießerin","DE","MKM",,
"Kylox, visionärer Erfinder","DE","MKM",,
"Melek, neugeformter Forscher","DE","MKM",,
"Ehrlicher Rutstein","DE","OTJ",,
"Jhoira of the Ghitu","EN","DDS",,
"Jori En, Ruin Diver","EN","DDS",,
"Baral und Kari Zev","DE","MOM",,
"Rankel und Torbran","DE","MOM",,
"Zevlor, Elturel-Verbannter","DE","CLB",,
"Thantis die Kriegsweberin","DE","C18",,
"Radha, Heir to Keld","EN","DDS",,
"Goblin Electromancer","EN","DDS",,
"Goblin -Anarchomant","DE","MH2",,
"Trygon Predator","EN","C20",,
"Kambal, Profiteering Mayor","EN","OTJ",,
"Wylie Duke, Atiin Hero","EN","OTJ",,
"Katilda und Lier","DE","MOC",,
"Xantcha die Schläferin","DE","C18",,
"Saskia the Unyielding","EN","C16",,
"Admiral Brass, Unsinkable","EN","LCC",,
"Fires of Yavimaya","EN","DDL",,
"Miraris Nachwirkungen","DE","C17",,
"Aura Shards","EN","CMD",,
"Etchings of the Chosen","EN","MH1",,
"Blutspurenanalyse","DE","MKM",,
"Im Garten vergraben","DE","MKM",,
"Kellan Joins Up","EN","OTJ",,
"Annies Bandenbeitritt","DE","OTJ",,
"Im Garten vergraben","DE","OTP",,
"Merciless Eviction","EN","C16",,
"Decimate","EN","C16",,
"Geschmolzener Einsturz","DE","LCI",,
"Time Wipe","EN","WAR",,
"Hüllenbruch","DE","C13",,
"Treacherous Terrain","EN","C16",,
"Casualties of War","EN","WAR",,
"Dune Blast","EN","C16",,
"Eerie Ultimatum","EN","IKO",,
"Emergent Ultimatum","EN","IKO",,
"Wabernde Emergenz","DE","LCI",,
"Pillage the Bog","EN","OTJ",,
"Crime / Punishment","DE","OTP",,
"Savage Smash","EN","OTP",,
"Hindering Light","EN","OTP",,
"Izzet Charm","EN","RTR",,
"Funkenraub","DE","CLB",,
"Amulett aus Esper","DE","C18",,
"Abzan Charm","EN","C16",,
"Brokers-Amulett","DE","SNC",,
"Cabaretti-Amulett","DE","SNC",,
"Obscura-Amulett","DE","SNC",,
"Amulett aus Bant","DE","C18",,
"Naya Charm","EN","C19",,
"Ancient Grudge","EN","MM3",,
"Desperate Ravings","EN","ISD",,
"Vanishing Verse","EN","STX",,
"Growth Spiral","EN","STA",,
"Utter End","EN","C16",,
"Anguished Unmaking","EN","SOI",,
"Mirrorweave","EN","C16",,
"Signal für die Clans","DE","GTC",,
"Tintenschild","DE","C21",,
"Quandrix Command","EN","STX",,
"Eladamri's Call","EN","MH1",,
"Mit Stummheit schlagen","DE","GK2",,
"Azorius Charm","EN","IMA",,
"Dovins Veto","DE","WAR",,
"Getreue Wiederherstellung","DE","MID",,
"Congregation at Dawn","EN","RAV",,
"Mortify","EN","RNA",,
"Fracture","EN","STX",,
"Boros-Amulett","DE","ONC",,
"Auseinanderreißen","DE","ONC",,
"Transmutation Font","EN","PW24",,
"Nautiloidenschiff","DE","CLB",,
"Bident of Thassa","EN","THS",,
"Kefnets Monument","DE","AKH",,
"Nyx Lotus","EN","THB",,
"Schwert der Rache","DE","C17",,
"Sanctuary Blade","EN","C20",,
"Enterhaken","DE","C17",,
"Dowsing Dagger","EN","XLN",,
"Silberrüstung","DE","C17",,
"Stoneforge Masterwork","EN","OGW",,
"Conqueror's Flail","EN","C16",,
"Nazahns Hammer","DE","C17",,
"Dragon Throne of Tarkir","EN","KTK",,
"Luxior, Giadas Geschenk","DE","SNC",,
"Siegelschwert von Valeron","DE","MOC",,
"Mantel des Beschwörers","DE","MOC",,
"Henkersschwert","DE","AFR",,
"Neurok Stealthsuit","EN","5DN",,
"Magiertöter","DE","ARB",,
"Schädelstrammer","DE","CLB",,
"Sword of the Animist","EN","E01",,
"The Key to the Vault","EN","OTJ",,
"Transmutation Font","EN","PW24",,
"Ashnods Altar","DE","BRR",,
"Treasure Map","EN","LCI",,
"Unlicensed Hearse","EN","OTP",,
"Metallic Mimic","EN","AER",,
"Seele von Neu-Phyrexia","DE","C18",,
"Myr-Sippenschmied","DE","ONE",,
"Teppich des Erstickens","DE","CLB",,
"Burnished Hart","EN","THS",,
"Palladium Myr","EN","M21",,
"Cathodion","EN","2XM",,
"Universal Automaton","EN","MH1",,
"Ornithopter","EN","BRR",,
"Chief of the Foundry","EN","2XM",,
"Etherium Sculptor","EN","DDU",,
"Eisenmyr","DE","MRD",,
"Löwenschärpe","DE","NEO",,
"Haywire Mite","EN","BRO",,
"Dreifaltiger Donnerhüne","DE","LCI",,
"Myr Battlesphere","EN","DDU",,
"Foundry Inspector","EN","BRR",,
"Oketras Monument","DE","AKH",,
"Fire Diamond","EN","C14",,
"Mitternachtsuhr","DE","WOC",,
"Strixhaven Stadium","EN","STX",,
"Irreführender Wegweiser","DE","WOC",,
"Boros Signet","EN","MM3",,
"Marble Diamond","EN","KHC",,
"Orzhov-Petschaft","DE","MOC",,
"Sphäre des Kommandeurs","DE","MOC",,
"Gedankenstein","DE","MOC",,
"Abbild des Stammvaters","DE","LCC",,
"Horn des Herolds","DE","MOC",,
"Gesplitteter Kraftstein","DE","MOC",,
"Patriar's Seal","EN","CLB",,
"Door of Destinies","EN","PMOR",,
"Coat of Arms","EN","DPA",,
"Banner der Siegreichen","DE","MOC",,
"Obelisk von Urd","DE","ZNC",,
"Quicksilver Amulet","EN","ULG",,
"Urza's Incubator","EN","UDS",,
"Everflowing Chalice","EN","2XM",,
"Chromatische Laterne","DE","GRN",,
"Blinkmottenurne","DE","C18",,
"Staff of Domination","EN","CMR",,
"Horn of Greed","EN","CN2",,
"Glitzernde Schatzhalde","DE","SNC",,
"Maskenwald-Nexus","DE","CLB",,
"Endloser Atlas","DE","C18",,
"Thran Dynamo","EN","C19",,
"Traumstein-Polyeder","DE","C18",,
"Replicating Ring","EN","KHM",,
"Spektraler Scheinwerfer","DE","C21",,
"Bonder's Ornament","EN","C20",,
"Altar of the Pantheon","EN","THB",,
"Commander's Sphere","EN","KHC",,
"Brosche des Wandersmanns","DE","5DN",,
"Talisman der Dominanz","DE","WOC",,
"Mask of Avacyn","EN","ISD",,
"Gedankenstein","DE","ONC",,
"Darksteel Plate","EN","DDU",,
"Loxodon-Kriegshammer","DE","ONC",,
"Sphäre des Kommandeurs","DE","ONC",,
"Erinnerungsmaske","DE","ONC",,
"Boros-Petschaft","DE","ONC",,
"Hammer der Himmelsfestungen","DE","ONC",,
"Talisman der Überzeugung","DE","ONC",,
"Laterne des Seelenführers","DE","ONC",,
"Arkanes Petschaft","DE","CLB",,
"Sonnenring","DE","CLB",,
"Simic Signet","EN","CMA",,
"Izzet Signet","EN","C20",,
"Talisman der Hierarchie","DE","CLB",,
"Dimir-Petschaft","DE","C18",,
"Selesnya Signet","EN","CMA",,
"Talisman of Creativity","EN","MH1",,
"Dimir-Medaillon","DE","ZNC",,
"Izzet Cluestone","EN","DGM",,
"Izzet Locket","EN","GRN",,
"Rakdos Locket","EN","C19",,
"Azorius Signet","EN","KHC",,
"Heraldic Banner","EN","ELD",,
"Thought Vessel","EN","CMR",,
"Talisman des Fortschritts","DE","MRD",,
"Azorius Locket","EN","C19",,
"Unstable Glyphbridge","EN","LCI",,
"Gedankenstein","DE","C18",,
"Relikt der Legenden","DE","DMU",,
"Unstable Obelisk","EN","SCD",,
"Fractured Powerstone","EN","PCA",,
"Sky Diamond","EN","KHC",,
"Moss Diamond","EN","CMR",,
"Orzhov-Petschaft","DE","CLB",,
"Versteck der Schmuggler","DE","SNC",,
"Lifecrafter's Bestiary","EN","AER",,
"Executioner's Capsule","EN","2XM",,
"Sekretmond-Handschuh","DE","ONE",,
"Zauberstab des Wunders","DE","CLB",,
"Vedalken Orrery","EN","5DN",,
"Sprenghaufen","DE","C16",,
"Spiegelwerk","DE","C18",,
"Strionic Resonator","EN","C19",,
"Mimic Vat","EN","C19",,
"Heartstone","EN","STH",,
"Bibliothek von Leng","DE","4ED",,
"Tormod's Crypt","EN","M21",,
"Conjurer's Closet","EN","AVR",,
"Staff of Nin","EN","M13",,
"Ratchet Bomb","EN","SOM",,
"Abwicklungsuhr","DE","C18",,
"Cloud Key","EN","BRR",,
"Panharmonikon","DE","KLD",,
"Nevinyrral's Disk","EN","C16",,
"Matzalantli, die Große Pforte","DE","LCI",,
"The Millennium Calendar","EN","LCI",,
"Instrument of the Bards","EN","AFR",,
"Rhona's Monument","EN","AKH",,
"Collector's Cage","EN","BIG",,
"Commander's Sphere","EN","PW24",,
"Flinkfuß-Stiefel","DE","C17",,
"Sunforger","EN","2XM",,
"Thran-Kraftpanzer","DE","BRO",,
"Lavaspur Boots","EN","OTJ",,
"Sword of Sinew and Steel","EN","MH1",,
"Sword of War and Peace","EN","2XM",,
"Schwert aus Vergangenheit und Zukunft","DE","MOM",,
"Schwert aus Licht und Schatten","DE","DST",,
"Helm of the Host","EN","DOM",,
"Sensenkralle","DE","ZNC",,
"Todesstoß-Nadel","DE","C17",,
"Gorgon's Head","EN","BNG",,
"Gorgon Flail","EN","M10",,
"Horn of Valhalla","EN","CLB",,
"Zephyr Boots","EN","STX",,
"Prowler's Helm","EN","THS",,
"Lightning Greaves","EN","C16",,
"Mantel aus Flüsterseide","DE","DST",,
"Zweischneidiges Erbstück","DE","C17",,
"Moonsilver Spear","EN","AVR",,
"Pionierstiefel","DE","ZEN",,
"Umbra Mantle","EN","PLST",,
"Monster Manual","EN","CLB",,
"Schamloser Scharlatan","DE","CLB",,
"Agent der Schattendiebe","DE","CLB",,
"Raufbold","DE","CLB",,
"Weitreisender","DE","CLB",,
"Flammende Faust","DE","CLB",,
"Abgehärteter Sonderling","DE","CLB",,
"Weiser aus Kerzenburg","DE","CLB",,
"Aufgewachsen bei den Riesen","DE","CLB",,
"Agent des Eisernen Throns","DE","CLB",,
"Straßenkind","DE","CLB",,
"Schwertküstenmatrose","DE","CLB",,
"Volksheld","DE","CLB",,
"Ugin, the Ineffable","EN","WAR",,
"Engel des Leids","DE","SNC",,
"Sanitarium Skeleton","EN","C19",,
"Grasping Scoundrel","EN","RIX",,
"Ravenous Chupacabra","EN","RIX",,
"Viscera Seer","EN","CMR",,
"Shriekmaw","EN","C20",,
"Plaguecrafter","EN","GRN",,
"Vampiric Rites","EN","SCD",,
"Animate Dead","EN","EMA",,
"Raffinierte Symmetrie","DE","M20",,
"Sign in Blood","EN","STA",,
"Auf Garruks Pfad","DE","ZNC",,
"Zusammenflicken","DE","C18",,
"Pact of the Serpent","EN","KHC",,
"Schmerzliche Wahrheit","DE","MOC",,
"Grausames Experiment","DE","CLB",,
"Shoot the Sheriff","EN","OTJ",,
"Fake Your Own Death","EN","OTJ",,
"Corrupted Conviction","EN","OTJ",,
"Insatiable Avarice","EN","OTJ",,
"Overwhelming Forces","EN","OTP",,
"Angstrausch","DE","OTJ",,
"Erbarmungsloses Gemetzel","DE","OTJ",,
"Angstrausch","DE","OTJ",,
"Exhume","EN","JMP",,
"Aus den Knochen lesen","DE","MOC",,
"Bone Splinters","EN","DDN",,
"Graveyard Shift","EN","SNC",,
"Painful Lesson","EN","BBD",,
"Feed the Swarm","EN","ZNR",,
"Smallpox","EN","CNS",,
"Blood for Bones","EN","M20",,
"Go Blank","EN","STX",,
"Diabolic Tutor","EN","M14",,
"Ambition's Cost","EN","KHC",,
"Damnable Pact","EN","C21",,
"Vorherrschaft der Sippe","DE","WOC",,
"Dredge the Mire","EN ","C20",,
"Deadly Tempest","EN","C20",,
"Infernal Grasp","EN","MID",,
"Dark Ritual","EN","A25",,
"Cast Down","EN","DOM",,
"Du bist bereits tot","DE","NEO",,
"Village Rites","EN","STA",,
"Nachtreten","DE","MOM",,
"Stechendes Studium","DE","C21",,
"Dämmerung der Schwarzen Sonne","DE","ONE",,
"Tödlicher Disput","DE","CLB",,
"Skrupelloser Wahn","DE","WOC",,
"Krankmachender Schwarm","DE","BOK",,
"Mord","DE","MKM",,
"Ein Geständnis entlocken","DE","MKM",,
"Knurrender Bluthund","DE","MKM",,
"Unverschämte Räuberei","DE","MKM",,
"Ausschlachten","DE","CMR",,
"Tragic Slip","EN","DKA",,
"Ghastly Demise","EN","CMR",,
"Oltec Matterweaver","EN","PW24",,
"Reverse the Sands","EN","C16",,
"Weltenreinigung","DE","M14",,
"Bovine Intervention","EN","OTJ",,
"Claim Jumper","EN","OTJ",,
"Another Round","EN","OTJ",,
"Schwerter zu Pflugscharen","DE","MOC",,
"Weg ins Exil","DE","MOC",,
"Mentor der Sanften","DE","ONC",,
"Großzügiges Geschenk","DE","ONC",,
"Stunde der Abrechnung","DE","ONC",,
"Tocasias Begrüßung","DE","BRO",,
"Kluge Tarnung","DE","ONC",,
"Vereinte Kräfte","DE","ONC",,
"Geschäft abschließen","DE","ONC",,
"Kriegscoup","DE","ONC",,
"Felidar-Zuflucht","DE","ONC",,
"Beispielloses Manöver","DE","ONC",,
"Finale des Ruhms","DE","ONC",,
"Weg ins Exil","DE","ONC",,
"Sieg über die Horde","DE","MID",,
"Unnachgiebiger Torwächter","DE","MKM",,
"Wojek-Ermittlerin","DE","MKM",,
"Unzerstörbare Formation","DE","MOC",,
"Loyal Warhound","EN","AFR",,
"Der Ruhm","DE","DMR",,
"Jeder wird zu Staub","DE","WHO",,
"Masako die Humorlose","DE","CHK",,
"Felidar Sovereign","EN","BFZ",,
"Grand Abolisher","EN","E01",,
"Loyales Einhorn","DE","C18",,
"Selfless Savior","EN","M21",,
"Eidolon of Rhetoric","EN","PLST",,
"Moon-Blessed Cleric","EN","AFR",,
"Defiler of Faith","EN","DMU",,
"Muse des Windgeflüsters","DE","C21",,
"Spiegelwesen","DE","C16",,
"Hüter des Einklangs","DE","CMR",,
"Deafening Silence","EN","ELD",,
"Intangible Virtue","EN","C19",,
"Ghostly Prison","EN","C19",,
"Blind Obedience","EN","C16",,
"Nine Lives","EN","M21",,
"Sigarda's Aid","EN","EMN",,
"Glorreiche Hymne","DE","9ED",,
"Radiant Destiny","EN","RIX",,
"Zusammenkunft der Krieger","DE","KHM",,
"Kismet","EN","5ED",,
"Authority of the Consuls","EN","KLD",,
"Aura of Silence","EN","C15",,
"Geschäft abschließen","DE","CLB",,
"Revoke Existence","EN","BNG",,
"Makindi-Stampede","DE","ZNR",,
"Planar Cleansing","EN","M13",,
"Doomskar","EN","KHM",,
"Approach of the Second Sun","EN","AKH",,
"Akroma's Vengeance","EN","C20",,
"Treueversprechen","DE","MOC",,
"Dusk","EN","CLB",,
"Storm Herd","EN","C19",,
"Martial Coup","EN","C18",,
"Descend upon the Sinful","EN","C20",,
"Slaughter the Strong","EN","RIX",,
"Phyrexian Rebirth","EN","C19",,
"Idyllic Tutor","EN","THB",,
"Nüchterner Befehl","DE","CLB",,
"Anrufung der Engel","DE","C18",,
"Zorn Gottes","DE","5ED",,
"Endpunkt","DE","C18",,
"Dismantling Wave","EN","C20",,
"Fumigate","EN","KLD",,
"Farewell","EN","NEO",,
"Fallensteller-Manöver","DE","C16",,
"Dawn Charm","EN","UMA",,
"Zu Staub zurückkehren","DE","MOC",,
"Dein Tempel wird angegriffen","DE","CLB",,
"Es schlägt Mitternacht","DE","WOE",,
"Angelic Ascension","EN","M21",,
"Afterlife","EN","C14",,
"Zurückweisung der Bösen","DE","PLC",,
"Rootborn Defenses","EN","RTR",,
"Wing Shards","EN","MH1",,
"Verdammen","DE","C17",,
"Calamity's Wake","EN","BRO",,
"Disenchant","EN","IMA",,
"Wechselbalg","DE","CLB",,
"Großzügiges Geschenk","DE","CMM",,
"Mana Tithe","EN","STA",,
"Get Lost","EN","LCI",,
"Flawless Maneuver","EN","C20",,
"Make a Stand","EN","CMR",,
"Tragic Arrogance","EN","ORI",,
"Inspektor-Neuling","DE","MKM",,
"Forum-Vertrauter","DE","MKM",,
"Steppe Lynx","DE","ZEN",,
"Anschwellender Kriegssturm","DE","CLB",,
"Kettenreaktion","DE","ONC",,
"Mizziummörser","DE","CLB",,
"Valakut Awakening","EN","ZNR",,
"Zada, Hedron Grinder","EN","A25",,
"Wilder Querschläger","DE","M14",,
"Thunder Salvo","EN","OTJ",,
"Sengende Viper","DE","WOE",,
"Skewer the Critics","EN","OTP",,
"Great Train Heist","EN","OTJ",,
"Galvanisieren","DE","MKM",,
"Verbrecherische Raserei","DE","MKM",,
"Kriminalschriftstellerin","DE","MKM",,
"Beschleunigte Erbschaft","DE","MKM",,
"Blazing Volley","EN","AKH",,
"Urabrask der Versteckte","DE","CLB",,
"Birgi, God of Storytelling","EN","KHM",,
"Zo-Zu the Punisher","EN","DDS",,
"Junger Pyromagier","DE","M14",,
"Flammenpfeil-Bogenschützin","DE","HOU",,
"Harsh Mentor","EN","AKH",,
"Bergziege","DE","5ED",,
"Electrostatic Field","EN","GRN",,
"Magus of the Wheel","EN","A25",,
"Anger","EN","UMA",,
"Archetype of Aggression","EN","BNG",,
"Goblin Bombardment","EN","DDN",,
"Pyrohemia","EN","PLC",,
"Tugend des Muts","DE","WOE",,
"Breath of Fury","EN","C16",,
"Curse of Opulence","EN","C17",,
"Jaya's Immolating Inferno","EN","DOM",,
"Mit Gewalt","DE","AKH",,
"Structural Assault","EN","SNC",,
"Devil's Play","EN","C19",,
"Shattered Perception","EN","DKA",,
"Mana Geyser","EN","5DN",,
"Collective Defiance","EN","EMN",,
"Harmless Offering","EN","EMN",,
"Light up the Stage","EN","RNA",,
"Reckless Impulse","EN","VOW",,
"Blasphemische Tat","DE","C18",,
"Seelenfeuer-Eruption","DE","CMR",,
"Khorvath's Fury","EN","BBD",,
"Schritt ins Feuer","DE","MOM",,
"Eisenfels-Großtat","DE","ELD",,
"Fury of the Horde","EN","DDN",,
"Apex of Power","EN","M19",,
"Bannfeuer","DE","M19",,
"Schicksalswende","DE","VOW",,
"Burn from Within","EN","SOI",,
"Disrupt Decorum","EN","AFC",,
"Insurrection","EN","ONS",,
"Zerstörung des Abbilds","DE","MID",,
"Aufscheuern","DE","LCI",,
"Pyretic Ritual","EN","PLST",,
"In Stückchen zerschmettern","DE","ORI",,
"Roter Urknall","DE","3ED",,
"Shock","EN","M14",,
"Ricochet Trap","EN","WWK",,
"Thrill of Possibility","EN","M21",,
"Blitzschlag","DE","CLB",,
"Furiensturm","DE","C18",,
"Reverberate","EN","M11",,
"Fateful Showdown","EN","KLD",,
"Commune with Lava","EN","DTK",,
"Divergent Transformations","EN","C16",,
"Shunt","EN","DST",,
"Increasing Vengeance","EN","C19",,
"Reiterate","EN","TSR",,
"Pyroblast","EN","PW23",,
"Prozession der unbändigen Freude","DE","NEO",,
"Price of Progress","EN","EMA",,
"Carpe Diem","DE","ODY",,
"Cathartic Pyre","EN","MID",,
"Unnachgiebiger Ansturm","DE","CMR",,
"Tormenting Voice","DE","SOI",,
"Kogla der Affentitan","DE","IKO",,
"Eisenbahn-Raufbold","DE","OTJ",,
"Jiang Yanggu, Wildnisformer","DE","WAR",,
"Kolossifizierung","DE","IKO",,
"Kolossaler Klapperwurm","DE","OTJ",,
"Störrischer Steppenköter","DE","OTJ",,
"Schädlingsbefall","DE","OTP",,
"Zeit der Not","DE","CHK",,
"Vivien's Arkbow","EN","WAR",,
"Reki, the History of Kamigawa","EN","PLST",,
"Dosan, das fallende Blatt","DE","CHK",,
"Jolrael, Mwonvuli Recluse","EN","M21",,
"Hua Tuo, Geachteter Mediziner","DE","C13",,
"Kolvori, God of Kinship","EN","KHM",,
"Arasta of the Endless Web","EN","THB",,
"Shisato, flüsternde Jägerin","DE","CHK",,
"Isao, Erleuchteter Bushi","DE","BOK",,
"Sakiko, Mutter des Sommers","DE","BOK",,
"Sasaya, Vorfahr der Orochi","DE","SOK",,
"Mowu, treuer Begleiter","DE","WAR",,
"Syr Faren, Hammer des Steinkreises","DE","ELD",,
"Baru, Wurmspeaker","EN","DMC",,
"Anara, Wolvid Familiar","EN","CMR",,
"Nissa, Vastwood Seer","EN","ORI",,
"Yeva, Nature's Herald","EN","DDU",,
"Azusa, Lost but Seeking","EN","M21",,
"Omnath, Locus of Mana","EN","WWK",,
"Selvala, Heart of the Wilds","EN","CN2",,
"Nylea, God of the Hunt","EN","THS",,
"Toski, Bearer of Secrets","EN","KHM",,
"Nissa, Erschütterin der Welt","DE","WAR",,
"Viridian Shaman","EN","DDU",,
"Malmhorn","DE","AKH",,
"Sakura-Tribe Elder","EN","C16",,
"Ilysischer Karyatide","DE","THB",,
"Karametra's Acolyte","EN","THS",,
"Paragon of Eternal Wilds","EN","M15",,
"Archetype of Endurance","EN","PLST",,
"Wickerbough Elder","EN","UMA",,
"Arglist des Waldläufers","DE","ISD",,
"Whisperer of the Wilds","EN","2XM",,
"Llanowar Elves","EN","4ED",,
"Brawn","EN","UMA",,
"Whisperer of the Wilds","EN","FRF",,
"Patient Naturalist","EN","OTJ",,
"Bedrock Tortoise","EN","LCI",,
"Bane of Progress","EN","CMA",,
"Thunderfoot Baloth","EN","C16",,
"Seele der Ernte","DE","W16",,
"Mwonvuli-Bestienfängerin","DE","M13",,
"Garruk's Packleader","EN","M11",,
"Lauben-Elf","DE","WWK",,
"Furchtlose Paläontologin","DE","LCI",,
"Dryad Arbor","EN","TSR",,
"Majestät der Seele","DE","C17",,
"Triumph der Horden","DE","NPH",,
"Overwhelming Stampede","EN","C19",,
"Genesissturm","DE","C18",,
"Creeping Renaissance","EN","C18",,
"Green Sun's Zenith","EN","V13",,
"Wendholzwald-Symbiose","DE","ZNR",,
"Selvala's Stampede","EN","CN2",,
"Road of Return","EN","C19",,
"Explosive Vegetation","EN","CN2",,
"Rabid Bite","EN","ZNR",,
"Retrieve","EN","VOW",,
"Skyshroud Claim","EN","BBD",,
"Overcome","EN","M20",,
"Überrennen","DE","TMP",,
"Commune with Nature","EN","CHK",,
"Aggressive Instinct","EN","GS1",,
"Atraxas Fall","DE","MOM",,
"Shamanic Revelation","EN","FRF",,
"Urwoge","DE","AVR",,
"Hurrikan","DE","10E",,
"Collective Unconscious","EN","C14",,
"Rishkar's Expertise","EN","AER",,
"Einblick in die Natur","DE","CHK",,
"Oath of Niss","EN","OGW",,
"Growing Rites of Itlimoc","EN","XLN",,
"Beträchtliche Blüte","DE","USG",,
"Greater Good","EN","BBD",,
"Colossal Majesty","EN","M19",,
"Rites of Flourishing","EN","C16",,
"Wilderness Reclamation","EN","RNA",,
"Season of Growth","EN","M20",,
"Elemental Bond","EN","ORI",,
"Garruk's Uprising","EN","M21",,
"Exploration","EN","2XM",,
"Vernal Equinox","EN","MMQ",,
"Frontier Siege","EN","FRF",,
"Beastmaster Ascension","EN","ZEN",,
"Herzschlag des Frühlings","DE","CHK",,
"Bodensiegel","DE","C18",,
"Defense of the heart","EN","ULG",,
"Nature's Will","EN","CHK",,
"Zendikars Wiederaufleben","DE","C17",,
"Fruchtbarer Boden","DE","C18",,
"Mark of Sakiko","EN","BOK",,
"Elemental Resonance","EN","DIS",,
"Bear Umbra","EN","C18",,
"Feines Gespür","DE","PLC",,
"Übermäßiges Wachstum","DE","C18",,
"Sixth Sense","EN","AKH",,
"Schattenhafte Ophis","DE","C18",,
"Lignify","EN","GVL",,
"Sonnenaufgangsspiegelung","DE","C18",,
"Sich verbünden","DE","CLB",,
"Shared Summons","EN","M20",,
"Rückkehr zur Natur","DE","ELD",,
"Krosan Grip","EN","MMA",,
"Eternal Witness","EN","UMA",,
"Zugriff des Kodamas","DE","CLB",,
"Loxodon-Lauscher","DE","MKM",,
"Nervöse Gärtnerin","DE","MKM",,
"Topiari-Panther","DE","MKM",,
"Tunnelnder Tippgeber","DE","MKM",,
"Urtümliche Belohnung","DE","CLB",,
"Amulett des Erzdruiden","DE","MKM",,
"Auf die Sprünge helfen","DE","MKM",,
"Wilde Beschwörung","DE","M14",,
"Rückkehr des Wildsprechers","DE","CLB",,
"Vorboten der Apokalypse","DE","CLB",,
"Naturgeheimnisse","DE","CLB",,
"Erkunden","DE","CLB",,
"Ezuris Hetzjagd","DE","CLB",,
"End-Raze Forerunners","EN","RNA",,
"Scavenging Ooze","EN","C16",,
"Incubation Druid","EN","RNA",,
"Yenna, Rotzahn-Regentin","DE","WOE",,
"Drachenschwingengleiter","DE","ONE",,
"Aufmarsch der Legion","DE","ONC",,
"Trotzende Vorhut","DE","TSB",,
"Lightbringer","EN","NEM",,
"Harmonischer Archon","DE","ONC",,
"Loyaler Lehrling","DE","ONC",,
"Adriana, Hauptmann der Stadtwache","DE","ONC",,
"Lawbringer","EN","NEM",,
"Goldwehr-Gambit","DE","ONC",,
"Kriegspeitsche der Klingenfeste","DE","ONE",,
"Myr-Kampfkugel","DE","ONC",,
"Cho-Manno","DE","MMQ",,
"Ritter des Heiligenscheins","DE","TSP",,
"Alarmschwadron","DE","PCY",,
"Neyali, Vorhut der Sonnen","DE","ONC",,
"Glimmerlinse","DE","ONC",,
"Hof der Anmut","DE","ONC",,
"Emerias Engel","DE","ONC",,
"Prava von der Stahllegion","DE","ONC",,
"Abgott der Vergessenheit","DE","ONC",,
"Jor Kadeen, der Obwalter","DE","ONC",,
"Kriegsboss der Legion","DE","ONC",,
"Stab des Geschichtenerzählers","DE","ONC",,
"Streitkolben des Recken","DE","ONC",,
"Zunehmende Hingabe","DE","ONC",,
"Gebrüll des Widerstands","DE","ONC",,
"Kampfkreischen","DE","ONC",,
"Hexplatten-Mauerbrecher","DE","ONC",,
"Unangreifbare Tugend","DE","ONC",,
"Ruft die Kupferjacken","DE","ONC",,
"Silberschwingen-Schwadron","DE","ONC",,
"Kembas Banner","DE","ONC",,
"Vulshokfabrik","DE","ONC",,
"Gestachelte Schlagfaust","DE","ONE",,
"Hordling-Ansturm","DE","ONC",,
"Goldnacht-Kommandant","DE","ONC",,
"Otharri, Ruhm der Sonnen","DE","ONC",,
"Elesh Norns Chormeister","DE","ONC",,
"Vega der Beobachter","DE","KHM",,
"Brago, King Eternal","EN","KHC",,
"Oji, the Exquisite Blade","EN","CLB",,
"Ranar the Ever-Watchful","EN","KHC",,
"Yorion der Himmelsnomade","DE","MUL",,
"Der Viererrat","DE","CLB",,
"Stoic Farmer","EN","KHC",,
"Angel of Finality","EN","KHC",,
"Glorious Protector","EN","KHM",,
"Ethereal Valkyrie","EN","KHC",,
"Bezaubernder Prinz","DE","ELD",,
"Deadeye Navigator","EN","AVR",,
"Champion of Wits","EN","C21",,
"Amphin-Meuterer","DE","CMR",,
"Aether Channeler","EN","DMU",,
"Displacer Kitten","En","CLB",,
"Glasbecken-Nachahmerin","DE","ZNR",,
"Solemn Simulacrum","EN","C19",,
"Mistmeadow Witch","EN","KHC",,
"Soulherder","En","KHC",,
"Cloudblazer","EN","KHC",,
"Flickerwisp","EN","KHC",,
"Wall of Omens","EN","KHC",,
"Feenwolke","DE","ULG",,
"Augur of Bolas","EN ","WAR",,
"Watcher for Tomorrow","EN","MH1",,
"Grübelschlängler","DE","C18",,
"Wegmacher","DE","MOR",,
"Peregrine Drake","EN","EMA",,
"Eldrazi-Verdränger","DE","OGW",,
"Arcane Artisan","EN","KHC",,
"Wall of Stolen Identity","EN","C19",,
"Pegasus Guardian","EN","CLB",,
"Inevitable Betrayal","EN","MH2",,
"Tales of the Ancestors","EN","KHC",,
"Alrund's Epiphany","EN","KHM",,
"Curse of the Swine","EN","KHC",,
"Ancestral Vision","EN","TSR",,
"Ravenform","EN","KHM",,
"Heilige Ruhepause","DE","MID",,
"Eerie Interlude","EN","KHC",,
"lae'zel's Acrobatics","EN","CLB",,
"Cosmic Intervention","En","KHC",,
"Momentary Blink","EN","KHC",,
"Ghostly Flicker","EN","KHC",,
"Behold the Multiverse","En","KHM",,
"Saw it Coming","EN","KHM",,
"Depart the Realm","EN","KHM",,
"Blur","EN","CLB",,
"Schriftrollenteleport","DE","MOM",,
"Slip on the Ring","EN","LTR",,
"Mox Tantalite","EN","MH1",,
"Sol Talisman","EN","MH2",,
"Sekki, Lenker der Jahreszeiten","DE","SOK",,
"Masumaro, als Erster lebend","DE","SOK",,
"Patron der orochi","DE","BOK",,
"Kura, the Boundless Sky","EN","NEO",,
"Kodama of the West Tree","EN","NEO",,
"Kodama des Mittelbaumes","DE","BOK",,
"Kodama des Nordbaumes","DE","CHK",,
"Myojin of Life's Web","EN","PLST",,
"Iname, Life Aspect","EN","CHK",,
"Bounteous Kirin","EN","SOK",,
"Kodama of the South Tree","EN","CHK",,
"Kodama of the East Tree","EN","CMR",,
"Jugan, the Rising Star","EN","CHK",,
"Ayumi, die letzte Besucherin","DE","SOK",,
"Briarknit Kami","EN","SOK",,
"Blütenstolzierer","DE","NEO",,
"Lebenskreisel","DE","BOK",,
"Body of Jukai","EN ","BOK",,
"Loam Dweller","EN ","BOK",,
"Thousand-legged Kami","EN ","CHK",,
"Child of Thorns","EN ","BOK",,
"Elder Pine of Jukai","EN ","SOK",,
"Hana Kami","EN ","CHK",,
"Geothermal Kami","EN ","NEO",,
"Soilshaper","EN ","CHK",,
"Sphärenweber-Kumo","DE","CHK",,
"Fiddlehead Kami","EN ","SOK",,
"Moos-Kami","DE","CHK",,
"Carven Caryatid","EN ","IMA",,
"Rootrunner","EN ","CHK",,
"Dripping-Tongue Zubera","EN ","CHK",,
"Burr Grafter","EN ","CHK",,
"Petalmane Baku","EN ","BOK",,
"Traproot Kami","EN ","BOK",,
"Orochi-Erhalterin","DE","CHK",,
"Haru-Onna","EN ","SOK",,
"Kami of the Tended Garden","EN ","SOK",,
"Promised Kannushi","EN ","SOK",,
"Vine Kami","EN ","CHK",,
"Loam Dweller","EN ","BOK",,
"Shinen of Life's Roar","EN ","SOK",,
"Yew Spirit","EN ","AVR",,
"Feral Deceiver","EN ","CHK",,
"Ghost-Lit Nourisher","EN ","SOK",,
"Harbinger of Spring","EN ","BOK",,
"Strangleroot Geist","EN ","DKA",,
"Kami of the Hunt","EN ","CHK",,
"Forked-Branch Garami","EN ","BOK",,
"Budoka Pupil","EN ","BOK",,
"Kami der geraunten Hoffnungen","DE","MOM",,
"Kami of Transience","EN ","NEO",,
"Elvish Spirit Guide","EN ","ALL",,
"Permeating Mass","EN ","EMN",,
"Primordial Sage","EN ","RAV",,
"Sorcerer's Broom","EN ","ELD",,
"Ugin's Conjurant","EN ","WAR",,
"Teachings of the Kirin","EN ","NEO",,
"Genju of Cedars","EN ","BOK",,
"One with the Kami","EN ","NEC",,
"Uproot","EN ","BOK",,
"Feast of Worms","EN ","CHK",,
"Fröhliche Ruhepause","DE","CHK",,
"Invoke the Ancients","EN ","NEO",,
"Roar of Jukai","EN ","BOK",,
"Unchecked Growth","EN ","BOK",,
"Wear Away","EN ","CHK",,
"Strength of Cedars","EN ","CHK",,
"Rending Vines","EN ","SOK",,
"Kodamas Might","EN ","CHK",,
"Lebenswoge","DE","BOK",,
"Long-Forgotten Gohei","EN ","MM2",,
"Baku-Altar","DE","BOK",,
"Slumbering Tora","EN ","BOK",,
"Nazahn, ehrwürdiger Klingenschmied","DE","C17",,
"Mirri, Duellantin der Wetterlicht","DE","C17",,
"Kaheera, the Orphanguard","EN ","IKO",,
"Arahbo, Gebrüll der Welten","DE","C17",,
"Jedit Ojanen aus Efrava","DE","C17",,
"Balan, wandernde Ritterin","DE","C17",,
"Jazal Goldmähne","DE","C17",,
"Prava von der Stahllegion","DE","CMR",,
"Raksha Goldjunges","DE","C17",,
"Jareth, der Löwentitan","DE","C17",,
"Kemba, Kha-Herrscherin","DE","C17",,
"Kemba, beständige Kha","DE","ONE",,
"Kutzil, Malamet-Vorbild","DE","LCI",,
"Feline Sovereign","EN ","M21",,
"Qasal-Schleuderer","DE","C17",,
"Hungriger Luchs","DE","C17",,
"Prowling Serpopard","EN ","AKH",,
"Regal Caracal","EN ","AKH",,
"Lauernde Leonidin","EN ","C17",,
"Eisenpranken-Anwärterin","DE","LCI",,
"Leonin Warleader","EN ","M19",,
"Geist der Herdstelle","DE","C17",,
"Leoniden-Schlichter","DE","C17",,
"Gepanzerte Himmeljägerin","DE","CMR",,
"Sehts Tiger","DE","C17",,
"Almosensammler","DE","C17",,
"Adorned Pouncer","EN ","HOU",,
"Vliesmähnen-Löwe","DE","C17",,
"Trained Caracal","EN ","RTR",,
"Basri's Acolyte","EN ","M21",,
"Charmed Stray","EN ","WAR",,
"Garrison Cat","EN ","IKO",,
"Anmutige Katze","DE","AKH",,
"Katze des Heiligtums","DE","DKA",,
"King of the Pride","EN ","MH1",,
"Reliktenwächter-Leonide","DE","C17",,
"Prowling Caracal","EN ","RNA",,
"Schwertschmied des Taj-Nar","DE","C17",,
"Springender Luchs","DE","WAR",,
"Oreskos-Erforscherin","DE","C17",,
"Felidar Guardian","EN ","AER",,
"Keeper of Fables","EN ","ELD",,
"Nacatl War-Pride","EN ","FUT",,
"Temur-Säbelzahntiger","DE","C17",,
"Königsgepard","DE","9ED",,
"Revierverteidigender Sichelpanther","DE","ZNR",,
"Listiger bandar","DE","KLD",,
"Pridemalkin","EN ","M21",,
"Canopy Stalker","EN ","M21",,
"Sabertooth Mauler","EN ","M21",,
"Halbschatten-Puma","EN ","APC",,
"Initiate's Companion","EN ","JMP",,
"Scythe Leopard","EN ","BFZ",,
"Qasali Pridemage","EN ","ARB",,
"Envoy of Okinec Ahau","EN ","LCI",,
"Malamet Veteran","EN ","LCI",,
"Ironpaw Aspirant","EN ","LCI",,
"Malamet-Schläger","DE","LCI",,
"Zenit der Weißen Sonne","DE","C17",,
"Torschleicherin","DE","RNA",,
"Reise in die verlorene Stadt","DE","CLB",,
"Hypergenese","DE","TSP",,
"Klasse der Druiden","DE","AFR",,
"Search for Tomorrow","EN","IMA",,
"Natürliche Renaturierung","DE","CLB",,
"Tektonischer Riese","DE","CLB",,
"Amulett des Zorns","DE","PLC",,
"Die Zukunft entfachen","DE","CLB",,
"Stromkirch-Okkultistin","DE","VOC",,
"Drinnen größer als draußen","DE","WHO",,
"Belagerung des Außenpostens","DE","CLB",,
"Die Prophezeiung","DE","WHO",,
"Dämonischer Blitz","DE","CLB",,
"Grüner Schlick","DE","CLB",,
"Chaosstab","DE","CLB",,
"In den Zeit-Vortex","DE","WHO",,
"Spätzündender Feuerball","DE","CLB",,
"Laelia, neu geschmiedete Klinge","DE","CLB",,
"Vulkanische Strömung","DE","CLB",,
"Lotus-Blütezeit","DE","TSR",,
"In Szene setzen","DE","CLB",,
"Dreister Tausch","DE","NCC",,
"Zauberer der Wilden Magie","DE","CLB",,
"Archivraub","DE","SNC",,
"Bernsteinsekret-Einsiedlerspinne","DE","CLB",,
"Blutzopf-Elf","DE","CLB",,
"Hit the Mother Lode","EN","LCI",,
"Embereth Shieldbreaker","EN ","CLB",,
"Ekstatische Schönheit","DE","WHO",,
"Jhoiras Zeitkäfer","DE","TSR",,
"Getrennte Wege","DE","WHO",,
"Tlincalli Hunter","DE","CLB",,
"Fiery Temper","EN ","F16",,
"Headliner Scarlett","EN","CLU",,
"Beschleunigte Erbschaft","DE","MKM",,
"Urabrask, ketzerischer Prätor","DE","SNC",,
"Izzet-Chemister","DE","CLB",,
"Wildes Ödland","DE","PIP",,
"Ins Abenteuer wagen","DE","CLB",,
"Flucht in die Wildnis","DE","CLB",,
"Zeitrisselementar","DE","TSR",,
"Traumplünderer","DE","CLB",,
"Terramorphung","DE","CLB",,
"Schicksalsrad","DE","TSP",,
"Passionierter Archäologe","DE","CLB",,
"Sibyllinische Wahrsagerin","DE","WHO",,
"Knochenmalmer-Riese","DE","ELD",,
"Aurora-Phoenix","DE","CLB",,
"Zeitriss-Säer","DE","MH2",,
"Nalfeshnee","DE","CLB",,
"Suche nach dem Morgen","DE","CLB",,
"Faldorn, Schreckenswolf-Heroldin","DE","CLB",,
"Gestohlene Strategie","DE","CLB",,
"Zeitumformung","DE","PLC",,
"Schreckensflotten-Draufgängerin","DE","CLB",,
"Einblick in die Zukunft","DE","MH2",,
"Gargadon","DE","MH2",,
"Gaeas Wille","DE","MH2",,
"Entladung aus dem Zeitriss","DE","TSR",,
"Shivanischer Meteor","DE","PLC",,
"Schuttfresser","DE","PLC",,
"Lichtbogen-Klinge","DE","FUT",,
"Ins Abenteuer wagen","DE","CLB",,
"Zimone, Quandrix-Genie","DE","STX",,
"Wolkenwaldläufer","DE","10E",,
"Pfortenschatten","DE","GTC",,
"Erkundung des Unterreichs","DE","CLB",,
"Torwächter des Opalsees","DE","DGM",,
"Torwächter von Saruli","DE","DGM",,
"Rückzug nach Hagra","DE","BFZ",,
"Eisenbahn-Raufbold","DE","OTJ",,
"Dämonischer Krawall","DE","OTJ",,
"Straßenräuberei","DE","OTJ",,
"Pyretischer Ansturm","DE","OTC",,
"Stachelschwanz-Schrecken","DE","OTJ",,
"Shivanischer Sandmagier","DE","FUT",,
"Durnan vom Gähnenden Portal","DE","CLB",,
"Größeres Gargadon","DE","CLB",,
"Ancient Imperiosaur","EN","MOM",,
"Itzquinth, Firstborn of Gishat","EN","LCI",,
"Fürsorglicher Borstenkamm","DE","LCI",,
"Wegsucher-Axtmaul","DE","LCI",,
"Seismischer Megalosaurus","DE","LCI",,
"Gepanzerter Sippenrufer","DE","LCI",,
"Erdrüttler-Schreckensmaul","DE","LCI",,
"Cresting Mosasaurus","EN","REX",,
"Gewundener Benthisaurus","DE","LCI",,
"Gleitender Sandflügel","DE","LCI",,
"Kolossodactylus","DE","LCI",,
"Dinomat","DE","LCI",,
"Tobender Dornenschwanz","DE","LCI",,
"Aufgeschreckter Altisaurus","DE","LCI",,
"Burning Sun Cavalry","EN","LCI",,
"Sensenkrallenraptor","DE","LCI",,
"Earthshaker Dreadmaw","EN","LCI",,
"Inti, Seneschal of the Sun","EN","LCI",,
"Palani's Hatcher","EN","LCI",,
"Ripscale Predator","EN","M20",,
"Tobsüchtiger Raptor","DE","XLN",,
"Raptor Hatchling","EN","XLN",,
"Otepec Huntmaster","EN","XLN",,
"Frilled Deathspitter","EN","RIX",,
"Kriegserprobter Schlitzer","DE","MOM",,
"Dinosaur Stampede","EN","XLN",,
"Charging Monstrosaur","EN","XLN",,
"Sun-Crowned Hunters","EN","XLN",,
"Ripscale Predator","EN","GTC",,
"Needletooth Raptor","EN","RIX",,
"Vorbote des Imperiums","DE","RIX",,
"Thrash of Raptors","EN","XLN",,
"Bonded Horncrest","EN","XLN",,
"Shifting Ceratops","EN","M20",,
"Bellowing Aegisaur","EN","XLN",,
"Huatlis Stumpfhorn","DE","XLN",,
"Majestic Heliopterus","EN","RIX",,
"Revierverteidigender Hammerschädel","DE","XLN",,
"Raptor Companion","EN","BBD",,
"Imperiale Lanzenträgerin","DE","XLN",,
"Imposing Vantasaur","EN","IKO",,
"Kinjallis Ruferin","DE","XLN",,
"Gleißender Aerosaurus","DE","XLN",,
"Imperial Aerosaur","EN","XLN",,
"Steadfast Armasaur","EN","XLN",,
"o-saurus","EN","UNF",,
"Thunderherd Migration","EN","RIX",,
"Thundering Spineback","EN","XLN",,
"Ravenous Daggertooth","EN","XLN",,
"Cacophodon","EN","RIX",,
"Ranging Raptors","EN","XLN",,
"Overgrown Armasaur","EN","RIX",,
"Thrashing Brontodon","EN","M20",,
"Snapping Sailback","EN","XLN",,
"Drowsing Tyrannodon","EN","M21",,
"Ancient Brontodon","EN","XLN",,
"Unersättlicher Segelrücken","DE","MOM",,
"Thrashing Brontodon","EN","J22",,
"Städtischer Dolchzahn","DE","MH2",,
"Drover of the Mighty","EN","XLN",,
"Colossal Dreadmaw","EN","XLN",,
"Runenbewehrter Armasaurus","DE","M19",,
"Crested Herdcaller","EN","RIX",,
"Ornery Dilophosaur","EN","M21",,
"Umsorgtes Jungtier","DE","RIX",,
"Thornscape Familiar","EN","PLS",,
"Spike-Tailed Ceratops","EN","XLN",,
"Fountain of Ichor","EN","MH1",,
"Blasting Station","EN","5DN",,
"Gruul War Chant","EN","CN2",,
"Belligerent Brontodon","EN","XLN",,
"Sky Terror","EN","XLN",,
"Atzocan-Seher","DE","RIX",,
"Huatli's Raptor","EN","WAR",,
"Raging Swordtooth","EN","XLN",,
"Tobender Regisaurus","DE","RIX",,
"Rhythm of the Wild","EN","RNA",,
"Priest of the Wakening Sun","EN","XLN",,
"Trapjaw Tyrant","EN","RIX",,
"Temple Altisaur","EN","RIX",,
"Kinjalli's Sunwing","EN","XLN",,
"Wakening Sun's Avatar","EN","XLN",,
"Goring Ceratops","EN","XLN",,
"Zetalpa die Ursonne","EN","RIX",,
"Star of Extinction","En","XLN",,
"Silbergepanzerte Ferocidons","DE","RIX",,
"Rampaging Ferocidon","EN","XLN",,
"Marauding Raptor","EN","M20",,
"Burning Sun's Avatar","EN","XLN",,
"Etali der Ursturm","DE","CLB",,
"Halsstarriger Schwertzahn","DE","RIX",,
"Verdant Sun's Avatar","EN","XLN",,
"Topiary Stomper","EN","SNC",,
"Rampaging Brontodon","EN","G18",,
"Deathgorge Scavenger","EN","XLN",,
"Ripjaw Raptor","EN","XLN",,
"Apex Altisaur","EN","C19",,
"Gigantosaurus","EN","M19",,
"Polyraptor","EN","RIX",,
"Ghalta, Primal Hunger","EN","RIX",,
"Siegehorn Ceratops","EN","RIX",,
"Quartzwood Crasher","EN","IKO",,
"Sonnengeweihtes Reittier","DE","XLN",,
"Regisaurus-Alphatier","DE","XLN",,
"Domri, Anarch of Bolas","EN","WAR",,
"Huatli, Warrior Poet","EN","XLN",,
"Huatli, Saurierkriegerin","DE","XLN",,
"Etali, urtümlicher Eroberer","DE","MOM",,
"Zacama, Primal Calamity","EN","RIX",,
"Gishat, Sun's Avatar","EN","SLD",,
"Ghalta and Mavren","EN","MOM",,
"Gishat, Avatar der Sonne","DE","XLN",,
"Nobler Behemoth","DE","CMM",,
"Rampaging Ceratops","EN","LCI",,
"Ritter der weißen Orchidee","DE","MOC",,
"Ansturm der Ritter","DE","MOC",,
"Aryel, Ritterin von Windgrace","DE","MOC",,
"Kreis der Loyalität","DE","DMC",,
"Werfuchs-Leibwächterin","DE","WOE",,
"Abgeschworener Paladin","DE","AFR",,
"Schwester der Stille","DE","40K",,
"Leichenritter","DE","MOC",,
"Locthwain-Lanzenträgerin","DE","MOC",,
"Order of Midnight","DE","MOC",,
"Foulmire Knight","DE","MOC",,
"Dakmor-Lanzenträger","DE","7ED",,
"Marschall aus Zhalfir","DE","MOM",,
"Würdige Ritterin","DE","MOC",,
"Mitternachts-Sensenmann","DE","MOC",,
"Murderous Rider","EN","MOC",,
"Held der Klingenfeste","DE","MOC",,
"Ritterliche Allianz","DE","MOC",,
"Entblutungskavallerie","DE","MOC",,
"Fahrende Ritterin aus Eos","DE","MOM",,
"Smitten Swordmaster","EN","MOC",,
"Vodalische Wellenritterin","DE","MOC",,
"Bejubelte Wettstreiterin","DE","MOC",,
"Josu Vess, Lich-Ritter","DE","MOC",,
"Reiter der Nacht","DE","M20",,
"Syr Konrad der Grimmige","DE","MOC",,
"Vorbildlicher Ritter","DE","MOC",,
"Tapfere Ritterin","DE","MOC",,
"Heroldin des Hufschlags","DE","MOC",,
"Haakon, Geißel von Stromgald","DE","MOC",,
"Vona, Schlächterin von Magan","DE","MOC",,
"Adeline, strahlende Katharerin","DE","MOC",,
"Äthergläubiger Aburteiler","DE","MOC",,
"Wintermoor-Kommandant","DE","MOC",,
"Silberschwingen-Schwadron","DE","MOC",,
"Ritter des letzten Atemzugs","DE","MOC",,
"Elenda und Azor","DE","MOC",,
"Sturmfaust-Kreuzritterin","DE","ELD",,
"Mitternachtsorden","DE","ELD",,
"Sarevok der Todbringer","DE","CLB",,
"East-Mark Cavalier","EN","LTR",,
"Xerex-Kaleidoritterin","DE","MOM",,
"Syr Elenora die Scharfsichtige","DE","MOC",,
"Ausgezeichneter Wachposten","DE","MOM",,
"Zhalfirinische Lanzenträgerin","DE","MOM",,
"Ritter der Neuen Koalition","DE","MOM",,
"Arvad der Verfluchte","DE","MOC",,
"Ritter der Schwarzen Rose","DE","MOC",,
"Knight of the White Orchid","EN","C20",,
"Ayaras Eidgebundene","EN","MAT",,
"Sidar Jabari aus Zhalfir","DE","MOC",,
"Nalia de'Arnise","DE","CLB",,
"Glorreiche Beschützerin","DE","CLB",,
"Verblichener Bischof","DE","CLB",,
"Avior-Gedankenzensor","DE","CLB",,
"Spiegelwesen","DE","CLB",,
"Priester der uralten Geheimnisse","DE","CLB",,
"Burakos, Anführerin der Gruppe","DE","CLB",,
"Leichen-Augur","DE","CLB",,
"Grimmiger Söldling","DE","CLB",,
"Grim Haruspex","EN","CLB",,
"Gedankenklingenreißerin","DE","CLB",,
"Mutter der Runen","DE","CLB",,
"Zusammenbleiben","DE","CLB",,
"Magus der Balance","DE","CLB",,
"Gerüchtesammlerin","DE","CLB",,
"Felisa, Fangzahn von Silberkiel","DE","CLB",,
"Selbstloser Geist","DE","CLB",,
"Schreckensflotten-Verwüster","DE","CLB",,
"Nachtschwärmer-Plünderer","DE","CLB",,
"Erzpriester von iona","DE","CLB",,
"Schlächter von Malakir","DE","CLB",,
"Erhabener Schicksalsführer","DE","CLB",,
"Jazal Goldmähne","DE","CLB",,
"Blutbesudelter Champion","DE","CLB",,
"Lunarch Mikaeus","DE","CLB",,
"Orden des Weißlehms","De","CLB",,
"Hohepriester der Buße","DE","CLB",,
"Acht-Schwänze-und-ein-halber","DE","CLB",,
"Mardu-Kommandoführer","DE","CLB",,
"Tiefengnom-Erdmagier","DE","CLB",,
"Malakir-Blutpriester","DE","CLB",,
"Zulaport-Mordgeselle","DE","CLB",,
"Routinierte Gewölbeforscherin","DE","CLB",,
"Truppenkommandeur","DE","CLB",,
"Frontarzt","DE","CLB",,
"Harfner-Anwerberin","DE","CLB",,
"Puppenspieler-Clique","DE","CLB",,
"Assistentin des Magiers","DE","CLB",,
"Berechnender Lich","DE","CLB",,
"Sturmpulver-Magier","DE","CLB",,
"Multiklassen-Wehrgehänge","DE","CLB",,
"Dem Grab entgehen","DE","CLB",,
"Irreguläre Kohorte","DE","CLB",,
"Ausgestoßener Wandelwicht","DE","CLB",,
"Tapferer Wandelwicht","DE","CLB",,
"Ernste Rekrutin","DE","CLB",,
"Gonti, Fürst der Opulenz","DE","CLB",,
"Pontifex der Fäulnis","DE","CLB",,
"Eternal Skylord","EN","SCD",,
"Jason Bright, Prophet der Leuchtenden","DE","PIP",,
"Gisa and Geralf","EN","SCD",,
"Skaab-Taucher","DE","VOW",,
"Bladestitched Skaab","EN","MID",,
"Gleaming Overseer","EN","SCD",,
"Curse of Disturbance","EN","SCD",,
"Spark Reaper","EN","SCD",,
"Lord of the Accursed","EN","SCD",,
"Carrion Feeder","EN","MH1",,
"Liliana's Devotee","EN","SCD",,
"Syphon Flesh","EN","SCD",,
"Geralf's Mindcrusher","EN","SCD",,
"Armee der Verdammten","DE","C18",,
"Liliana's Mastery","EN","SCD",,
"Open the Graves","EN","SCD",,
"Gravespawn Sovereign","EN","SCD",,
"Josu Vess, Lich Knight","EN","SCD",,
"Unbreathing Horde","EN","SCD",,
"Cemetery Reaper","EN","SCD",,
"Vizier of the Scorpion","En","SCD",,
"Army of the Damned","EN","SCD",,
"Lazotep Reaver","EN","SCD",,
"Jadar, Ghulrufer aus Nefalen","DE","MID",,
"Unterwassergrab-Flickwerk","DE","MID",,
"Klingendurchbohrter Skaab","DE","MID",,
"Energiegeladene Ausgeburt","DE","CLB",,
"Unheilverkundende Krähe","DE","CMR",,
"Havengul Lich","En","SCD",,
"Lilianas Plünderer","DE","M14",,
"Verderbenbringender Zombie","DE","M14",,
"Grimmige Rückkehr","DE","M14",,
"Laboratory Drudge","EN","SCD",,
"Mire Triton","EN","SCD",,
"Loyal Subordinate","EN","SCD",,
"Leichenkenner","DE","ALA",,
"Nantukohülle","DE","ONS",,
"Ainok Survivalist","EN","C19",,
"Nantuko Vigilante","EN","C19",,
"Secret Plans","EN","C19",,
"icefeather Aven","EN","C19",,
"Sultai Emissary","EN","FRF",,
"Skinthinner","EN","C19",,
"Unbarmherzige Schlitzerin","DE","KTK",,
"Aphetto Exterminator","EN","LGN",,
"Scroll of Fate","EN","C19",,
"Teferi, Mage of Zhalfir","EN","IMA",,
"Leyline of Anticipation","EN","M20",,
"Urnebel","DE","C18",,
"Chromeshell Crab","EN","C19",,
"Mischievous Quanar","EN","SCG",,
"Kheru Spellsnatcher","EN","C19",,
"Weaver of Lies","EN","LGN",,
"Vesuvan Shapeshifter","EN","C19",,
"Kadena's Silencer","EN","C19",,
"Dulcet Sirens","EN","C14",,
"Stratus Dancer","EN","C19",,
"Ixidor, Reality Sculptor","EN","ONS",,
"Thousand Winds","EN","DDN",,
"Ixidron","En","C19",,
"Ghastly Conscription","EN","C19",,
"Gift of Doom","EN","C19",,
"Bane of the Living","EN","C19",,
"Thieving Amalgam","EN","C19",,
"Silumgar Assassin","EN","C19",,
"Grim Haruspex","EN","C19",,
"Temur War Shaman","En","FRF",,
"Deathmist Raptor","EN","C19",,
"Den Protector","EN","C19",,
"Sagu Mauler","EN","C19",,
"Kadena, Slinking Sorcerer","EN","C19",,
"Obscuring Aether","EN","DTK",,
"Wildcall","EN","FRF",,
"Dream Chisel","EN","ONS",,
"Reality Shift","EN","FRF",,
"Write into Being","EN","FRF",,
"Trail of Mystery","EN","C19",,
"Vivien, Champion of the Wilds","EN","WAR",,
"Backslide","EN","ONS",,
"Mistfire Weaver","EN","KTK",,
"Qarsi Deceiver","EN","DTK",,
"Aphetto Runecaster","EN","SCG",,
"Monastery Loremaster","EN","DTK",,
"Laugenelementar","DE","C14",,
"Disruptive Pitmage","EN","ONS",,
"Unblinking Bleb","EN","FUT",,
"Master of the Veil","EN","LGN",,
"Voidmage Apprentice","EN","JVC",,
"Aquamorph Entity","En","DDN",,
"Echo Tracer","EN","DDN",,
"Willbender","EN","DDN",,
"Coral Trickster","EN","DDN",,
"Fathom Seer","En","DDN",,
"Gudul Lurker","EN","DTK",,
"Salt Road Ambushers","EN","DTK",,
"Streunende Kiefer","DE","KTK",,
"Chandra, Torch of Defiance","EN","SS3",,
"Mila, Crafty Companion","EN","STX",,
"Chandra's Phoenix","EN","M12",,
"Keral Keep Disciples","EN","M21",,
"Chandra's Incinerator","EN","M21",,
"Chandra, Feuer von Kaladesh","DE","ORI",,
"Chandra, Acolyte of Flame","EN","M20",,
"Chandra, erwachtes Inferno","DE","M20",,
"Chandra's Regulator","EN","M20",,
"Chandra's Triumph","EN","WAR",,
"Chandra, Dressed to Kill","EN","VOW",,
"Leori, funkenberührter Jäger","DE","CMM",,
"Chandra's Revolution","EN","AER",,
"Schutzbrille der Pyromagierin","DE","ORI",,
"Der Kettenschleier","DE","M15",,
"Lebendige Brücke","DE","8ED",,
"Handschuh des Pyromagiers","DE","M14",,
"Verfluchter Spiegel","DE","BRC",,
"Chandra's ignition","EN","ORI",,
"Hangstellung","DE","MMQ",,
"Rauch","DE","5ED",,
"Smoke","EN","4ED",,
"Oath of Chandra","EN","OGW",,
"Furnace of Rath","EN","9ED",,
"Mechanized Warfare","EN","BRO",,
"Fiery Emancipation","EN","M21",,
"Gebot der Zwillingsgötter","DE","JOU",,
"Aether Flash","EN","WTH",,
"Angrath's Marauders","EN","XLN",,
"Chandras Feuerschlund","DE","M21",,
"Soul-Scar Mage","EN","AKH",,
"Chandra's Phoenix","EN","M14",,
"Runaway Steam-Kin","EN","GRN",,
"Chandra Nalaar","DE","M10",,
"Chandra Hitzkopf","DE","M13",,
"Chandra Ablaze","EN","ZEN",,
"Chandra, Leuchtfeuer der Hoffnung","DE","MOM",,
"Chandra, Pyromaster","EN","E01",,
"Chandra, Novice Pyromancer","EN","M20",,
"Torbran, Thane of Red Fell","EN","ELD",,
"Chandra, Feuerformerin","DE","WAR",,
"Chandra, Flamecaller","EN","C20",,
"Chandra, Heart of Fire","EN","M21",,
"Chandra, Auslöserin der Flamme","DE","M21",,
"Chandra, kühne Pyromagierin","DE","DOM",,
"Eiganjo-Vorbild","DE","NEO",,
"Iizuka the Ruthless","EN","SOK",,
"Raiyuu, Klinge des Sturms","DE","NEO",,
"Godo, Fürst der Banditen","DE","CHK",,
"Ronin-Klippenreiter","DE","BOK",,
"Kaiserliche Unterdrückerin","DE","NEO",,
"Konda, Fürst von Eiganjo","DE","CHK",,
"Experimenteller Synthetisierer","DE","NEO",,
"Michiko Konda, Truth Seeker","EN","J22",,
"Verstärkter Ronin","DE","NEO",,
"Nagao, durch Ehre gebunden","DE","CHK",,
"Unvergleichliche Samurai","DE","NEO",,
"Samurai des bleichen Vorhangs","DE","CHK",,
"Fumiko, die Tiefgeborene","DE","C20",,
"Hand der Ehre","DE","SOK",,
"Opalauge, Kondas Yojimbo","DE","BOK",,
"Siegel der Tapferkeit","DE","BRR",,
"Kondas Hatamoto","DE","CHK",,
"Heiko Yamazaki, the General","EN","NEO",,
"Norika Yamazaki, the Poet","EN","NEO",,
"Sokenzan-Haudegen","DE","SOK",,
"Kentaro, die Grinsekatze","DE","BOK",,
"Ruf zum Ruhm","DE","CHK",,
"Eidbewahrer, Takenos Daisho","DE","CHK",,
"Kitsune-Klingenmeister","DE","CHK",,
"Risona, Asari-Kommandeurin","DE","NEO",,
"Selbstloser Samurai","DE","NEO",,
"Asari-Hauptmann","DE","NEO",,
"Akki-Ronin","DE","NEO",,
"Araba-Mottenreiter","DE","SOK",,
"Takeno, Samurai-General","DE","CHK",,
"Eifriger Gefolgsmann","DE","CHK",,
"Oonas Spross","DE","WOC",,
"Alela, listige Eroberin","DE","WOC",,
"Prophezeiende Fee","DE","WOC",,
"Säerin der Versuchung","DE","WOC",,
"Feenwolke","DE","WOC",,
"Brazen Borrower","EN","WOC",,
"Erzmagier der Elendraschlucht","DE","WOC",,
"Feen-Klingenschmied","DE","WOC",,
"Feenspott","DE","LRW",,
"Stotterzauber-Sylphide","DE","LRW",,
"Feen-Handwerker","DE","CMM",,
"Nymris, Oonas Gauner","DE","WOC",,
"Nachtschleiersylphide","DE","WOC",,
"Erzmagier der Echos","DE","WOC",,
"Spottende Sylphide","DE","WOE",,
"Quälende Nervensäge","DE","WOC",,
"Flinkling","DE","WOC",,
"Talion der Großzügige","DE","WOE",,
"Tegwylls Säuberung","DE","WOC",,
"Schlossknacker-Schelm","DE","WOE",,
"Faerie Slumber Party","EN","WOE",,
"Feenformation","DE","WOC",,
"Vasall der Elendraschlucht","DE","WOC",,
"Verformbarer Hochstapler","DE","WOC",,
"Faerie Harbinger","EN","LRW",,
"Halo-Erbeuterin","DE","WOC",,
"Tegwyll, Fürst der Pracht","DE","WOC",,
"Rankel, Meister der Streiche","DE","WOC",,
"Stotterzauber","DE","WOE",,
"Puppenspieler der Schatten","DE","WOC",,
"Notorious Throng","EN","ZNC",,
"Puppenspieler-Clique","DE","WOC",,
"Obyra, träumende Duellantin","DE","WOE",,
"Abbild-Aneigner","DE","WOE",,
"Oona, Königin der Feen","DE","WOC",,
"Fäulnisflügel-Banditin","DE","WOC",,
"Faerie Vandal","EN","ZNC",,
"Hypnotic Sprite","EN","WOC",,
"Zaubergroll-Zirkel","DE","WOE",,
"Von Feen gestohlen","DE","J22",,
"Wydwen, das harsche Lüftchen","DE","C20",,
"Feen-Trickserei","DE","LRW",,
"Elspeth Tirel","DE","ONC",,
"Infanterist der Tausend Monde","DE","LCI",,
"Oltec Cloud Guard","EN","LCI",,
"Selfless Squire","EN","C16",,
"Mobilisierung","DE","C14",,
"Waffenbrüderschaft","DE","CMD",,
"Darien, König von Kjeldor","DE","CSP",,
"Kolonnenverteiler","DE","BRO",,
"Throne of the God-Pharaoh","EN","AKH",,
"Faramir, Prinz von ithilien","DE","LTR",,
"Odric, Master Tactician","EN","M13",,
"Rettungshund","DE","BRO",,
"Call the Coppercoats","EN","NCC",,
"Ambush Paratrooper","EN","BRO",,
"Cathar Commando","EN","MID",,
"Aven Wind Guide","EN","AKH",,
"Daru warchief","EN","SCG",,
"Entschlossene Verstärkungen","DE","DMU",,
"You're Confronted by Robbers","EN","CLB",,
"Haazda Marshal","EN","GRN",,
"Survivor of Korlis","EN","BRO",,
"Sworn Companions","En","GRN",,
"Tapferer Veteran","DE","DMU",,
"Captain of the Watch","EN","M13",,
"Finale of Glory","EN","WAR",,
"Rekrutierungsoffizierin","DE","BRO",,
"Luftangriffsoffizier","DE","BRO",,
"Fortified Beachhead","EN","BRO",,
"Harbin, Pilot der Vorhut","DE","BRO",,
"Raise the Alarm","EN","CMR",,
"Veteran Swordsmith","EN","DDO",,
"Captain's Call","EN","CMR",,
"Wyrmübergang-Patrouille","DE","CLB",,
"Esquire of the King","EN","LTR",,
"Pippin, Guard of the Citadel","En","LTR",,
"Belagerungsveteranin","DE","BRO",,
"Boromir, Wächter des Turms","DE","LTR",,
"Launch the Fleet","En","JOU",,
"Ruf des Hauptmanns","DE","DMU",,
"Argivische Phalanx","DE","DMU",,
"Massenproduktion","DE","BRO",,
"Tura Kennerüd, Skyknight","EN","DMU",,
"Eindringlinge zurücktreiben","DE","SHM",,
"Protect the Negotiators","EN","DMU",,
"Luftangriffsoffizier","DE","BRO",,
"Lu Xun, Scholar General","EN","C13",,
"Gideon's Avenger","EN","m12",,
"Beschützerin der bastion","DE","C15",,
"Crovax, Ascendant hero","EN","TSR",,
"Hixus, Prison Warden","EN","ORI",,
"Oracle's Attendants","EN","8ED",,
"Spectator Seating","En","CMR",,
"Grabgewölbe der Champions","DE","CMR",,
"Rejuvenating Springs","EN","CMR",,
"Sea of Clouds","EN","BBD",,
"Watery Grave","EN","GRN",,
"Breeding Pool","EN","GTC",,
"Sacred Foundry","EN","GTC",,
"Steam Vents","EN","GRN",,
"Traumwurz-Kaskade","DE","VOW",,
"Sturmgepeitschte Küste","DE","VOW",,
"Zerstörtes Heiligtum","DE","VOW",,
"Verlassener Strand","DE","MID",,
"Karplusan Forest","EN","C16",,
"Caves of Koilos","EN","MD1",,
"Yavimayaküste","DE","ORI",,
"Schwefelquellen","DE","6ED",,
"Llanowar Wastes","EN","C19",,
"Shivanisches Riff","DE","DMU",,
"Adarkarwüste","DE","DMU",,
"Battlefield Forge","EN","ORI",,
"Clifftop Retreat","EN","ISD",,
"Sulfur Falls","EN","DOM",,
"Hinterland Harbor","En","DOM",,
"Dragonskull Summit","EN","C16",,
"Isolierte Kapelle","De","DOM",,
"Woodland Cemetery","EN","DOM",,
"Glacial Fortress","EN","M13",,
"Temple of Abandon","EN","THB",,
"Tempel der Eingebung","DE","M20",,
"Tempel des Triumphes","DE","ONC",,
"Temple der Täuschung","DE","WOC",,
"Tempel der Geheimnisse","DE","M20",,
"Temple of Malady","EN","M20",,
"Tempel des Schweigens","DE","CLB",,
"Tempel der Erleuchtung","DE","THB",,
"Wildpfad","DE","SOI",,
"Vineglimmer Snarl","EN","STX",,
"Leuchtschatten-Knoten","DE","MOC",,
"Frostboil Snarl","EN","STX",,
"Necroblossom Snarl","EN","STX",,
"Tote Flussmündung","DE","MOC",,
"Hafenstadt","DE","SOI",,
"Zornesruh-Knoten","DE","ONC",,
"Moosfeuer-Tal","DE","ODY",,
"Sungrass Prairie","EN","C16",,
"Shadowblood Ridge","EN","C20",,
"Skycloud Expanse","EN","C20",,
"Dunkelwasser-Katakomben","DE","WOC",,
"Fetid Heath","EN","2XM",,
"Graven Cairns","EN","2XM",,
"Fire-Lit Thicket","EN","2XM",,
"Mystisches Tor","DE","2Xm",,
"Rugged Prairie","EN","2XM",,
"Hengegate Pathway","EN","KHM",,
"Cragcrown Pathway","EN","ZNR",,
"Barkchannel Pathway","EN","KHM",,
"Brightclimb Pathway","EN","ZNR",,
"Nadelrand-Höhenweg","DE","ZNR",,
"Geschütztes Gestrüpp","DE","AKH",,
"Verweste Tümpel","DE","AKH",,
"Irrigated Farmland","EN","AKH",,
"Scattered Groves","EN","AKH",,
"Forgotten Cave","EN","C20",,
"Tranquil Thicket","EN","DDU",,
"Lonely Sandbar","EN","C20",,
"Barren Moor","EN","C19",,
"Secluded Steppe","EN","MH1",,
"Blasted Landscape","EN","CM2",,
"Versunkener Talkessel","DE","WOC",,
"Smoldering Marsh","EN","C20",,
"Zunderwald-Lichtung","DE","BFZ",,
"Versunkener Talkessel","DE","BFZ",,
"Präriefluss","DE","MOC",,
"Seat of the Synod","EN","DDU",,
"Darksteel Citadel","EN","DDU",,
"Abgelegene Schlucht","DE","WOC",,
"Mystic Monastery","EN","DDN",,
"Wilde Landschaften","DE","C18",,
"Seeküstenzitadelle","DE","C18",,
"Nomad Outpost","EN","C20",,
"Jungle Shrine","EN","C16",,
"Mysteriöses Sanktum","DE","MOC",,
"Sokenzan, Crucible of Defiance","EN","NEO",,
"Takenuma, verlassenes Schlammloch","DE","NEO",,
"Eiganjo, Seat of the Empire","EN","NEO",,
"Otawara, die schwebende Stadt","DE","NEO",,
"Schloss Garenbruck","DE","ELD",,
"Schloss Ardenthal","DE","ONC",,
"Schloss Locthwain","DE","CLB",,
"Schloss Funkenhort","DE","ONC",,
"Minas Tirith","DE","LTR",,
"Minen von Moria","DE","LTR",,
"Hurtigwindhöhen","DE","CLB",,
"Mooswurz-Brücke","DE","CLB",,
"Rückenfels-Hügelchen","DE","CLB",,
"Abgelegene Steppe","DE","ONC",,
"Vergessene Höhle","DE","ONC",,
"Panorama von Bant","DE","ALA",,
"Panorama von Jund","DE","C18",,
"Panorama von Esper","DE","ALA",,
"Naya Panorama","EN","C19",,
"Gargoyle Castle","EN","C19",,
"Ändergewölbe","DE","CLB",,
"Schlurfender Schlot","DE","CLB",,
"Rastloses Riff","DE","LCI",,
"nadelfels-Plateau","DE","ZNC",,
"Rastlose Prärie","DE","LCI",,
"Versteckter Vulkan","DE","LCI",,
"Hidden Necropolis","En","LCI",,
"Hidden Cataract","EN","LCI",,
"Versteckter Zuchtgarten","DE","LCI",,
"Versteckter Lichthof","EN","LCI",,
"Adventurers Guildhouse","EN","LEG",,
"Khalni-Garten","DE","C18",,
"Oran-Rief, the Vastwood","En","DDU",,
"Yavimaya, Wiege des Wachstums","DE","MH2",,
"Okina, Tempel der Großväter","DE","CHK",,
"Skemfar Elderhall","EN","KHM",,
"Tosende Klamm","DE","CLB",,
"Halimar-Untiefe","DE","C18",,
"Feenkonklave","DE","WOC",,
"Soaring Seacliff","EN","C20",,
"Hall of Storm Giants","EN","AFR",,
"Valakut, die geschmolzene Zinne","DE","ZEN",,
"Shivan gorge","EN","V12",,
"Fluchttunnel","DE","MKM",,
"Widerhallende Tiefen","DE","LCI",,
"Hexenhaus","DE","ELD",,
"Memorial to Folly","EN","DOM",,
"Totenschlamm","DE","BFZ",,
"Bojukamoor","DE","CLB",,
"Seelengewölbe","DE","LCI",,
"Maze of Ith","EN","2XM",,
"Vesuvan Shapeshifter","En","TSR",,
"Junktown","DE","PIP",,
"Sternenlicht-Heiligtum","DE","CLB",,
"Gruft des Erzengels","DE","CLB",,
"Nimbus Maze","EN","AFC",,
"Gavony Township","EN","ISD",,
"Desolate Lighthouse","EN","UMA",,
"Grove of the Burnwillows","EN","IMA",,
"Rix Maadi, Dungeon Palace","EN","C19",,
"Skarrg, the Rage Pits","En","PC2",,
"Verseuchtes Feld","DE","CLB",,
"Grim Backwoods","EN","CMA",,
"Festung der Monstertöter","DE","ONC",,
"Verseuchtes Eiland","DE","WOC",,
"Promising Vein","EN","LCI",,
"Exotischer Obstgarten","DE","WOC",,
"Platz der Harmonie","DE","RNA",,
"Crucible of the Spirit Dragon","EN","FRF",,
"Mishras Schmelze","DE","BRO",,
"Sunken Citadel","En","LCI",,
"Voldaren-Anwesen","DE","VOW",,
"Access Tunnel","EN","STX",,
"Endless Sands","En","C20",,
"Mikokoro, Mitte des Meeres","DE","C21",,
"Pfad der Ahnen","DE","CLB",,
"Ancient Ziggurat","EN","CON",,
"Animal Sanctuary","EN","M21",,
"Befehlsturm","DE","ZNC",,
"Widerspiegelnder Teich","DE","CLB",,
"Kriegskabinett","DE","CLB",,
"The Biblioplex","EN","STX",,
"Opalpalast","DE","C17",,
"Basislager","DE","ZNR",,
"Interplanar Beacon","EN","WAR",,
"Abgelegener Wachturm","DE","C18",,
"Schmiede der Helden","DE","C18",,
"Foundry of the Consuls","En","DDU",,
"Tempel der falschen Göttin","DE","C17",,
"Phyrexia's Core","EN","DDU",,
"Cryptic Caves","EN","M20",,
"Zoetic Cavern","EN","FUT",,
"Turm des Reliquienschreins","DE","M19",,
"Schauplatz der Verheerung","DE","THB",,
"Nesting Grounds","EN","C20",,
"Blast Zone","En","WAR",,
"Drownyard Temple","EN","C19",,
"Hostile Desert","EN","C20",,
"Westvale Abbey","EN","SOI",,
"Sanctum of Eternity","EN","C19",,
"Geier Reach Sanitarium","EN","C19",,
"Nykthos, Schrein von Nyx","DE","THS",,
"Treasure Vault","En","AFR",,
"Karns Bastion","DE","WAR",,
"Shrine of the Forsaken Gods","En","C19",,
"Kommando-Signalturm","DE","CMR",,
"Unbeanspruchtes Territorium","DE","XLN",,
"Demolition Field","EN","BRO",,
"Verschüttete Ruinen","DE","ONC",,
"Wolfspfad in Kessig","DE","CLB",,
"Mannigfaltige Landschaft","DE","MOC",,
"Kherburg","DE","ONC",,
"Abstergo Entertainment","DE","ACR",,
" Smaragdmedaillon","DE","TMP",,
"Pearl Medallion","EN","C14",,
"Rubinmedaillon","DE","TMP",,
"Saphirmedaillon","DE","CMM",,
"Anthrazitmedaillon","DE","CMM",,
"Mana Crypt","DE","PLST",,
"Scroll Rack","EN","CMR",,
"Esper Sentinel","EN","MH2",,
"Plattenrüstung des Kommandeurs","DE","CMR",,
"Der Große Steinkreis","DE","ELD",,
"Akroma's Memorial","EN","TSR",,
"Iroas, God of Victory","EN","C16",,
"Allosaurus Shepherd","EN","JMP",,
"Craterhoof Behemoth","En","MM3",,
"Waldesbibliothek","DE","4ED",,
"Doubling Season","EN","2XM",,
"Branching Evolution","En","JMP",,
"Guardian Project","EN","RNA",,
"Parallel-Leben","DE","ISD",,
"Finale of Devastation","EN","WAR",,
"Vitalitätskraft","DE","MH1",,
"Forest Bear","EN","PTK",,
"Messerklauenbär","DE","P02",,
"Irdischer Lehrmeister","DE","6ED",,
"Landschaftswechsel","DE","MOR",,
"Vaultborn Tyrant","EN","BIG",,
"Elspeth, Sun's Champion","EN","SLC",,
"Myrel, Schild von Argivia","DE","BRO",,
"Mondrak, Dominus des Ruhms","DE","ONE",,
"Elesh Norn, Grand Cenobite","EN","PLST",,
"Prozession der Gesalbten","DE","AKH",,
"Grundsteuer","DE","REN",,
"Erdrückender Zehnt","DE","RNA",,
"Teferi's Protection","EN","PLST",,
"Akroma's Will","EN","CMR",,
"Feen-Genie","DE","MOM",,
"Rhystisches Studium","DE","PCY",,
"Expropriate","EN","PLST",,
"Pakt der Verneinung","DE","TSR",,
"Mystical Tutor","En","SLD",,
"Nebelband-Clique","DE","LRW",,
"Chandra Nalaar","EN","SLD",,
"Dockside Extortionist","EN","C19",,
"Winds of Change","EN","REN",,
"Jeskas Wille","DE","CMR",,
"Deflecting Swat","EN","C20",,
"Etali Primal Storm","EN","SLD",,
"Schwarzmarkt-Verbindungen","DE","CLB",,
"Reanimate","EN","JMP",,
"Exquisite Blood","EN","JMP",,
"Grim Tutor","EN","M21",,
"Deadly Rollick","EN","C20",,
"Bitterblüte","DE","WOT",,
"Dämonischer Lehrmeister","DE","STA",,
"Ian Chesterton","DE","WHO",,
"Ritus der Harmonie","DE","MID",,
"Boseiju greift nach dem Himmel","DE","NEO",,
"Großzügiger Besucher","DE","NEO",,
"Die Fesselung der Titanen","DE","THB",,
"Cleansing Nova","EN","KHC",,
"Weber der Harmonie","DE","NEO",,
"Sonnenblütenhain","De","XLN",,
"Azusas viele Reisen","DE","NEO",,
" Wiederauflebender Glaube","DE","MH2",,
"Auraschöpfer","DE","M14",,
"Gelehrter der Neuen Horizonte","DE","BRC",,
"Befestigtes Dorf","DE","SOI",,
"Brushland","EN","ICE",,
"Michikos Herrschaft der Wahrheit","DE","NEO",,
"Zauberin der Femeref","DE","VIS",,
"Freundschaft mit den Nachtfaltern","DE","NEO",,
"Strength of the Harvest","EN","Mh3",,
"Jukai-Naturalist","DE","NEO",,
"Himmlisches Urwesen","DE","C15",,
"Archon der Sonnengnade","DE","CMM",,
"Lebhafter Begleiter","DE","NEO",,
"Elspeth bezwingt den Tod","DE","THB",,
"Lehren der Kirin","DE","NEO",,
"Der Wiederaufbau von Eiganjo","DE","NEO",,
"Sonnenring","DE","MOC",,
"Die Gründung von Meletis","DE","THB",,
"Satyr-Verzauberer","DE","M19",,
"Liebeslied von Nacht und Tag","DE","DMU",,
"Gil-galads untergang","DE","LTR",,
"Segen der Historiker","DE","DMC",,
"Befehlsturm","DE","MOC",,
"Temple of Plenty","EN","BNG",,
"Kultivieren","DE","CLB",,
"Zeit der Erneuerung","DE","NEO",,
"Ajani bezwingt den Göttervater","DE","MH3",,
"Tafelberg-Zauberin","De","DMR",,
"Das Wetterkern-Abkommen","DE","DMU",,
"Unnatürliche Wiederherstellung","DE","ONE",,
"Der Fall des Fürsten Konda","DE","NEO",,
"Ajanis Auserwählte","DE","C18",,
"Niedergang der Ersten Zivilisation","DE","ACR",,
"Temple Garden","En","GRN",,
"Überwachsenes Ackerland","DE","MID",,
"Die ersten Iroanischen Spiele","DE","THB",,
"Die Wiederherstellung Dominarias","DE","CMM",,
"Jugan verteidigt den Tempel","DE","NEO",,
"Barbara Wright","DE","WHO",,
"Der Weltenzauber","DE","DMU",,
"Stromleiter","De","MRD",,
"Schlacht um Bretagard","DE","KHM",,
"Gerrards Triumph","DE","DOM",,
"Geschichte von Tinuviel","DE","LTR",,
"Brillante Wiederherstellung","DE","NEO",,
"Geschichtenflechtung","DE","NEO",,
"Teshar, Apostel der Ahnfrau","DE","DMC",,
"Freyalises Lied","DE","DOM",,
"Geschichten von Meister Seshiro","DE","NEO",,
"Satsuki, Gelebtes Wissen","DE","NEO",,
"Anwesenheit der Blütenzauberin","DE","WOC",,
"Mondgesegnete Klerikerin","DE","AFR",,
"Canopy Vista","EN","BFZ",,
"Zwiesprache mit den Geistern","DE","NEO",,
"Aufgerüttelte Waldwildnis","DE","C17",,
"Aufflackern des Schicksals","DE","THB",,
"Sturz des Emporkömmlings","DE","KHM",,
"Ferropede","EN","5DN",,
"Geschwürblüte","DE","ONE",,
"ära der Erleuchtung","DE","NEO",,
"Starnheim-Renner","DE","KHM",,
"Sythis, die erntende Hand","DE","MH2",,
"Gaea's Touch","EN","DRK",,
"Asceticism","En","SOM",,
"Spinnenseidenrüstung","DE","MMQ",,
"Harmonize","EN","STA",,
"Druid's Familiar","En","AVR",,
"Eisbären","DE","ICE",,
"Werebear","EN","EMA",,
"Nature's Claim","En","WWK",,
"Rampant Growth","EN","PW23",,
"Blutpranke, Schrecken von Qal Sisma","DE","M19",,
"Game-Trail Changeling","En","MOR",,
"Balduvian Bears","EN","ICE",,
"Ohran Frostfang","EN","C19",,
"Caller of the Claw","EN","C15",,
"Viviens Grizzly","DE","WAR",,
"Surrak und Blutpranke","DE","MOM",,
"Eingesperrte Sonne","DE","C14",,
"heroic intervention","EN","AER",,
"Loyaler Wächter","DE","C18",,
"Tobender Yao Guai","DE","PIP",,
"Grizzly Fate","EN","JUD",,
"Wilson, kultivierter Grizzly","DE","CLB",,
"Cultivate","EN","C19",,
"Obscuring Haze","EN","C20",,
"River Bear","EN","9ED",,
"Alpine Grizzly","EN","KTK",,
"Argoth, Sanctum of Nature","EN","BRO",,
"Ruxa, geduldiger Professor","DE","C21",,
"Grizzly Bears","EN","7ED",,
"Drover Grizzly","EN","OTJ",,
"Mother Bear","EN","MH1",,
"Runeclaw Bear","En","M10",,
"Goldener Bär","DE","P02",,
"Inspiring Call","EN","40K",,
"Dragon-Scarred Bear","EN","DTK",,
"Ashcoat Bear","EN","TSP",,
"Reisender der Reiche","DE","LCC",,
"Owlbear","EN","AFR",,
"Three Visits","EN","CMR",,
"Ulvenwald Bear","EN","DKA",,
"Khalni-Hinterhalt","DE","ZNR",,
"Maskierte Vandale","DE","KHM",,
"Sylvan Anthem","En","Mh2",,
"Woodland Changeling","EN","LRW",,
"Gespenstische Bären","DE","HML",,
"Nature's Lore","EN","5ED",,
"Blutlinien-Vortäuscher","DE","MOC",,
"Gehärtete Schuppen","DE","KTK",,
"Küchenchef","DE","CLB",,
"Bestienflüsterer","DE","GRN",,
"Owlbear Cub","EN","CLB",,
"Tribut an den Weltenbaum","DE","MOM",,
"Striped Bears","EN","WTH",,
"Bärenjunges","DE","P02",,
"Ozolith, die zerborstene Zinne","DE","MOM",,
"Zerstampfer der Kupferschar","DE","MOM",,
"Tyvars Kampf","DE","ONE",,
"Verloren in der Geschichte","DE","BRO",,
"Ayula, Königin der Bären","DE","MH1",,
"Glühende Ranken","DE","RNA",,
"Night's Whisper","EN","EMA",,
"Chaosschleife","DE","C18",,
"Saat der Hoffnung","DE","MOM",,
"Stitcher's Supplier","En","M19",,
"Paradiesvögel","DE","M12",,
"Felssturz-Tal","DE","MID",,
"Luxury Suite","EN","BBD",,
"Vandalblast","EN","RTR",,
"Golgari Signet","EN","C16",,
"Gepanzerter Riesenwurm","DE","GRN",,
"Faithless Looting","EN","UMA",,
"Key to the City","EN","BRR",,
"Titanoth Rex","EN","IKO",,
"Boldwyr-Schwergewicht","DE","MOR",,
"Talisman of Resilience","EN","MH1",,
"Tibalt's Trickery","En","KHM",,
"Alexios, Deimos von Kosmos","DE","ACR",,
"Bojukamoor","DE","MOC",,
"Phyrexian Colossus","EN","8ED",,
"Harte Auswirkungen","DE","UDS",,
"Schwarzklingen-Schnitter","DE","ONS",,
"Wild Guess","EN","M13",,
"Ulamog's Crusher","EN","UMA",,
"Seelenverschlingender Orgg","DE","JUD",,
"Grisly Salvage","EN","C20",,
"Force of Despair","EN","MH1",,
"Versklavter Schrecken","DE","MMQ",,
"Magewright's Stone","EN","PLST",,
"Bronzene Sexbombe","DE","DIS",,
"Deadbridge Chant","EN","DGM",,
"Radautheater","DE","MKM",,
"Golgari Charm","EN","UMA",,
"Druidin vom Zirkel des Landes","DE","CLB",,
"Stich, der schimmernde Dolch","DE","LTR",,
"Befehlsturm","DE","ONC",,
"Gabe der Viper","DE","MH3",,
"Plaza of Heroes","EN","DMU",,
"Rakdos Signet","EN","C20",,
"Seedborn Muse","EN","C19",,
"Stomping Ground","EN","RNA",,
"Spire Garden","EN","BBD",,
"Overgrown Tomb","EN","GRN",,
"Cathartic Reunion","EN","PLST",,
"Terminate","EN","C20",,
"Reforge the Soul","EN","AVR",,
"Deathcap Glade","EN","VOW",,
"Draco","EN","PLST",,
"Grapple with the Past","EN","C18",,
"Skull Prophet","EN","IKO",,
"Fernsuche","DE","M13",,
"Drei Besuche","DE","CLB",,
"Blanchwood Prowler","EN","BRO",,
"Zeitrissräumer","DE","FUT",,
"Ferox aus dem Beilbrecherwald","DE","MKM",,
"Reinigender Scheiterhaufen","DE","MID",,
"Spukender Bergkamm","DE","MID",,
"Undergrowth Stadium","EN","CMR",,
"Die innere Bestie","DE","CLB",,
"Stonehoof Chieftain","EN","C16",,
"Unedler Hierarch","DE","M3C",,
"Gamble","EN","UMA",,
"Unheil von Bala Ged","DE","BFZ",,
"Nyx Weaver","EN","C20",,
"Pathrazer of Ulamog","EN","ROE",,
"Umnieter-Amulett","DE","SNC",,
"Seize the Spoils","EN","KHM",,
"Gejagter Wumpus","DE","9ED",,
"Demon of Loathing","EN","THB",,
"Crawling infestation","EN","VOW",,
"Böswilliges Poltern","DE","MH3",,
"Kultivieren","DE","STA",,
"Arkanes Petschaft","DE","ONC",,
"Rasche Wiedergeburt","DE","STX",,
"Sonnenring","DE","ONC",,
"Die Stahlstadt-Raufbolde","DE","NCC",,
"Neunfinger Kien","DE","CLB",,
"Gretchen Weidenknirps","DE","AFR",,
"Gipfeltreffen der Gilden","DE","GRN",,
"Wechselnde Bepflanzung","DE","DMR",,
"Instabile Verwerfung","DE","LCI",,
"Aha-Erlebnis","DE","STX",,
"Rückzug nach Korallenhelm","DE","BFZ",,
"Distriktführerin","DE","GRN",,
"Schuppige Kräuterkundlerin","DE","AFR",,
"Wald-Hellseherei","DE","BFZ",,
"Fierce Guardianship","EN","C20",,
"Reclamation Sage","EN","C20",,
"Llanowarspäher","DE","DOM",,
"Macht des Alphatiers","DE","GTC",,
"Grüngebietsbeobachter","DE","GTC",,
"Torumschlingende Ranke","DE","RTR",,
"Stunde der Verheißung","DE","HOU",,
"Navigationskugel","DE","CLB",,
"Gemeinsame Erkundung","DE","DMU",,
"Arkanes Petschaft","DE","CLB",,
"Torplatz","DE","RNA",,
"Das Schwarze Tor","DE","LTC",,
"Dimir Guildgate","EN","GRN",,
"Basiliskentor","DE","CLB",,
"Schwarzdrachentor","DE","CLB",,
"Krallentor von Madara","DE","M3C",,
"Baldurs Tor","DE","CLB",,
"Planar Nexus","EN","M3C",,
"Haldentor","DE","CLB",,
"Gondstor","DE","CLB",,
"Thespian's Stage","EN","C19",,
"Assassin's Trophy","EN","GRN",,
"Schildkäferschwarm","DE","ZNR",,
"Broken Bond","EN","DOM",,
"Gegenzauber","DE","MMQ",,
"Beast Within","EN","BBD",,
"Insignien der Bruderschaft","DE","ACR",,
"Gewundenes Orakel","DE","2X2",,
"Archelos, Mystiker der Lagune","DE","DMC",,
"Titanias Befehl","DE","BRO",,
"Verlassener Tempel","DE","ODY",,
"Torbrechender Widder","DE","RNA",,
"Expeditionskarte","DE","2XM",,
"Dämmerung der Grünen Sonne","DE","ONE",,
"Growth Spiral","EN","RNA",,
"Seetor","DE","CLB",,
"Tobende Baloths","DE","C21",,
"Golgari Guildgate","En","GRN",,
"Koloss der Tore","DE","RNA",,
"Copy Land","EN","M3C",,
"Boseiju der Fortdauernde","DE","NEO",,
"Verbindung der Welten","DE","ONE",,
"Vorrac-Kampfhörner","DE","MRD",,
"Nyleas Eingreifen","DE","THB",,
"Feuerstecken","DE","NEC",,
"Urban Evolution","EN","C19",,
"Command Tower","EN","KHC",,
"Späher des Sakura-Stamms","DE","SOK",,
"Ruchloser Reichtum","DE","2X2",,
"Öffnet die Tore","DE","RNA",,
"Putrefy","EN","C19",,
"Thran-Portal","DE","DMU",,
"Höhlenforschung","DE","LCI",,
"Urza's Cave","EN","MH3",,
"Simic-Gildeneingang","DE","C19",,
"Torwächter-Gargoyle","DE","GRN",,
"Ende des Labyrinths","DE","DGM",,
"Öffnung des Weges","DE","MAT",,
"Wassergestalt","DE","THS",,
"Tatyova, Benthische Druidin","DE","DMR",,
"Lotuskobra","DE","ZNR",,
"Verschlungene Pfade","DE","GRN",,
"Verdammung","DE","2X2",,
"Explore","EN","C19",,
"Diebeskarriere","DE","GTC",,
"Beständiger Behemoth","DE","BRO",,
"Sonnenring","DE","C17",,
"Sage of the Maze","EN","M3C",,
"Elfischer Verjüngerer","DE","2X2",,
"Glefe des Gildenbunds","DE","GRN",,
"Schwarzklinge, neu geschmiedet","DE","DOM",,
"Gutstor","DE","CLB",,
"Sultai Charm","EN","C19",,
"Toxische Sintflut","DE","LTC",,
"Kynaios and Tiro of Meletis","En","C16",,
"Kodama's Reach","EN","C16",,
"Progenitor Mimic","EN","C16",,
"Psychosis Crawler","En","C16",,
"Der Zweite Doctor","DE","WHO",,
"Selvala, Explorer Returned","EN","C16",,
"Fabled Passage","EN","M21",,
"Minds Aglow","EN","C16",,
"City of Brass","EN","8ED",,
"Bountiful Promenade","En","BBD",,
"Sparas Hauptquartier","DE","SNC",,
"Transguild Promenade","EN","C16",,
"Tidal Barracuda","EN","C20",,
"Sylvan Reclamation","EN","C16",,
"Gwafa Hazid, Profiteer","EN","C16",,
"Humble Defector","EN","C16",,
"Orzhov Advokist","EN","C16",,
"Kraum, Ludevic's Opus","En","C16",,
"Lurking Predators","EN","C16",,
"Oath of Druids","En","C16",,
"Rubblehulk","EN","C16",,
"Blazing Archon","EN","C16",,
"Arcane Denial","EN","C16",,
"Sphere of Safety","EN","C16",,
"Edric, Spymaster of Trest","En","C16",,
"Hoofprints of the Stag","EN","C16",,
"Ritual des tosenden Sturms","DE","C15",,
"Raugrin Triome","EN","IKO",,
"Wave of Reckoning","EN","C16",,
"Assault Suit","En","C16",,
"Düsterwald-Märchenerzähler","DE","TSR",,
"Windborn Muse","EN","c16",,
"Kami of the Crescent Moon","EN","SOK",,
"Blasphemous Act","EN","C16",,
"Cultivate","EN","C16",,
"Reins of Power","EN","C16",,
"Rites of Flourishing","EN","C16",,
"Swords to Plowshares","EN","C16",,
"Tempt with Discovery","EN","C16",,
"Chasm Skulker","En","C16",,
"Sol Ring","En","C16",,
"Propaganda","EN","C16",,
"Temple Bell","EN","C16",,
"Kazuul, Tyrant of the Cliffs","En","C16",,
"Benefactor's Draught","EN","C16",,
"Horizon Chimera","EN","C16",,
"Collective Voyage","EN","C16",,
"Jetmirs Garten","DE","SNC",,
"Seeds of Renewal","EN","C16",,
"Homeward Path","EN","C16",,
"Entrapment Maneuver","EN","C16",,
"Exotic Orchard","En","C16",,
"Akroan Horse","EN","C16",,
"Evolving Wilds","EN","C16",,
"Frontier Bivouac","EN","C16",,
"Arkanes Petschaft","DE","CLB",,
"Howling Mine","En","C16",,
"Hushwing Gryff","EN","C16",,
"Beast Within","EN","C16",,
"Forbidden Orchard","EN","C16",,
"Empyrial Plate","EN","C16",,
"Swan Song","EN","C16",,
"Ludevic, Necro-Alchemist","EN","C16",,
"Ghostly Prison","EN","C16",,
"Zedruu the Greathearted","EN","C16",,
"Venser's journal","En","C16",,
"Oblation","EN","C16",,
"Command Tower","En","C16",,
"Evolutionary Escalation","EN","c16",,
"Hallowed Fountain","EN","RNA",,
"Ash Barrens","EN","C16",,
"Rootbound Crag","EN","XLN",,
"Fellwarstein","DE","MOC",,
"Veteran Explorer","EN","C16",,
"Treacherous Terrain","EN","C16",,
"Training Center","EN","CMR",,
"Realm Seekers","EN","C16",,
"Selfless Squire","En","C16",,
"Commander's Sphere","EN","C16",,
"Die Skarabäen-Gottheit","DE","CMM",,
"Nekrodualität","DE","VOW",,
"Todesbaron","DE","ALA",,
"Liliana's Standard Bearer","EN","SCD",,
"Commander's Sphere","EN","SCD",,
"Vergessene Schöpfung","DE","CLB",,
"Lotleth Giant","EN","SCD",,
"Diregraf Captain","EN","SCD",,
"Deep Analysis","EN","SCD",,
"Vengeful Dead","EN","SCD",,
"Arcane Signet","EN","SCD",,
"Distant Melody","EN","SCD",,
"Geralf, the Fleshwright","EN","OTJ",,
"Schiffswrack-Morast","DE","MID",,
"Aasfresser","DE","MH1",,
"Das Flut-Virus vom Mars","DE","WHO",,
"Morphic Pool","EN","BBD",,
"Wayfarer's Bauble","EN","SCD",,
"Undermine","EN","SCD",,
"Sturm über den Dächern","DE","MIC",,
"Gray Merchant of Asphodel","EN","SCD",,
"Champion of the Perished","EN","SCD",,
"Totenklage der Vergessenen","DE","LCI",,
"Undead Butler","EN","DBL",,
"Unabschüttelbarer Verfolger","DE","MKC",,
"Pilfered Plans","EN","SCD",,
"Victimize","EN","SCD",,
"Muse der Grabgesänge","DE","LGN",,
"Necrotic Hex","EN","SCD",,
"Gefräßige Faulwampe","DE","MIC",,
"Fundus des Nekromagiers","DE","M15",,
"Grufttyrann","DE","MIC",,
"Sol Ring","En","SCD",,
"Command Tower","EN","SCD",,
"Withered Wretch","EN","SCD",,
"Mörderische Reiterin","DE","ELD",,
"Underground River","EN","C16",,
"Geheimnisse der Toten","DE","DKA",,
"Bojuka Bog","En","C13",,
"Undead Augur","EN","SCD",,
"Zombie Apocalypse","EN","SCD",,
"Phyrexian Tower","EN","JMP",,
"Necromantic Selection","En","SCD",,
"Archiv-Skaab","DE","VOW",,
"Castle Locthwain","EN","ELD",,
"Rachsüchtiger Lich","DE","C17",,
"Zombiemeister","DE","5ED",,
"Midnight Reaper","EN","SCD",,
"Lazotep Plating","EN","SCD",,
"Sunken Hollow","EN","SCD",,
"Grabkriecher","DE","2X2",,
"Endlose Reihen des Todes","DE","ISD",,
"Fleshbag Marauder","EN","SCD",,
"Dimir-Amulett","DE","GTC",,
"Scheiterhaufen der Helden","DE","KHM",,
"Accursed Marauder","EN","Mh3",,
"Gebot des Patriarchen","DE","Mh2",,
"Scourge of Nel Toth","EN","SCD",,
"Schädlingsghul","DE","LGN",,
"Todesstachel-Skorpion","DE","VOW",,
"Wilhelt der Fäulehacker","DE","MIC",,
"Verderbter Einbuddler","DE","MH2",,
"Heraldic Banner","EN","SCD",,
"Dimir Signet","EN","SCD",,
"Talisman of Dominance","EN","SCD",,
"Choked Estuary","EN","SCD",,
"Meuchler der Felsenburg","DE","C13",,
"Tormod der Grabschänder","DE","CMR",,
"Sinister Sabotage","EN","SCD",,
"Feed the Swarm","EN","SCD",,
"Leichen-Augur","DE","CLB",,
"Zauberbuchgebundener Lich","DE","M20",,
"Darkwater Catacombs","EN","C19",,
"Liquimetal Coating","EN","Cm2",,
"Liquimetal Coating","EN","C14",,
"Liquimetal Coating","EN","C14",,
"Liquimetal Coating","EN","C14",,
"Viridian Shaman","EN","C15",,
"Elvish Mystic","En","DDU",,
"Elvish Mystic","En","DDU",,
"Elvish Mystic","En","DDU",,
"Elvish Mystic","En","DDU",,
"Conclave Naturalists","EN","ORI",,
"Conclave Naturalists","EN","ORI",,
"Conclave Naturalists","EN","ORI",,
"Harmonize","EN","EMA",,
"Harmonize","EN","EMA",,
"Harmonize","EN","EMA",,
"Harmonize","EN","EMA",,
"Relic of Progenitus","EN","ALA",,
"Relic of Progenitus","EN","ALA",,
"Reclamation Sage","EN","M19",,
"Reclamation Sage","EN","M19",,
"Reclamation Sage","EN","M19",,
"Reclamation Sage","EN","M19",,
"Wickerbough Elder","EN","UMA",,
"Wickerbough Elder","EN","UMA",,
"Wickerbough Elder","EN","UMA",,
"Field of Ruin","EN","XLN",,
"Field of Ruin","EN","XLN",,
"Myr Landshaper","EN","DST",,
"Myr Landshaper","EN","DST",,
"Myr Landshaper","EN","DST",,
"Myr Landshaper","EN","DST",,
"Viridian Shaman","EN","C15",,
"Viridian Shaman","EN","C15",,
"Viridian Shaman","EN","C15",,
"Llanowar Elves","EN","DOM",,
"Llanowar Elves","EN","DOM",,
"Llanowar Elves","EN","DOM",,
"Llanowar Elves","EN","DOM",,
"Dissenter's Deliverance","EN","AKH",,
"Dissenter's Deliverance","EN","AKH",,
"Liquimetal Torque","EN","MH2",,
"Liquimetal Torque","EN","MH2",,
"Foundation Breaker","EN","MH2",,
"Foundation Breaker","EN","MH2",,
"Homing Sliver","En","FUT",,
"Homing Sliver","En","FUT",,
"Homing Sliver","En","FUT",,
"Homing Sliver","En","FUT",,
"Predatory Sliver","EN","M14",,
"Predatory Sliver","EN","M14",,
"Predatory Sliver","EN","M14",,
"Predatory Sliver","EN","M14",,
"Hunter Sliver","EN","LGN",,
"Hunter Sliver","EN","LGN",,
"Hunter Sliver","EN","LGN",,
"Hunter Sliver","EN","LGN",,
"Zweiköpfiger Remasuri","DE","TSP",,
"Zweiköpfiger Remasuri","DE","TSP",,
"Zweiköpfiger Remasuri","DE","TSP",,
"Zweiköpfiger Remasuri","DE","TSP",,
"Virulent Sliver","EN","FUT",,
"Virulent Sliver","EN","FUT",,
"Virulent Sliver","EN","FUT",,
"Virulent Sliver","EN","FUT",,
"Muscle Sliver","En","TMP",,
"Muscle Sliver","En","TMP",,
"Muscle Sliver","En","TMP",,
"Muscle Sliver","En","TMP",,
"Horned Sliver","En","TMP",,
"Horned Sliver","En","TMP",,
"Gemmenhautremasuri","DE","TSP",,
"Gemmenhautremasuri","DE","TSP",,
"Gemmenhautremasuri","DE","TSP",,
"Gemhide Sliver","En","TSP",,
"Hackender Remasuri","DE","M14",,
"Ram Through","EN","IKO",,
"Sylvan Might","EN","2XM",,
"Hyena Umbra","En","UMA",,
"Hyena Umbra","En","UMA",,
"Hyena Umbra","En","UMA",,
"Cartouche of Solidarity","EN","AKH",,
"Cartouche of Solidarity","EN","AKH",,
"Cartouche of Solidarity","EN","AKH",,
"Ethereal Armor","EN","RTR",,
"Ethereal Armor","EN","RTR",,
"Ethereal Armor","EN","RTR",,
"Ethereal Armor","EN","RTR",,
"Akroan Skyguard","EN","BNG",,
"Akroan Skyguard","EN","BNG",,
"Akroan Skyguard","EN","BNG",,
"Akroan Skyguard","EN","BNG",,
"Benevolent Bodyguard","EN","EMA",,
"Wohlwollender Leibwächter","DE","JUD",,
"Mana Tithe","EN","TSR",,
"Mana Tithe","EN","TSR",,
"Mana Tithe","EN","TSR",,
"Sturmklingen-Elite","DE","LGN",,
"Sturmklingen-Elite","DE","LGN",,
"Sturmklingen-Elite","DE","LGN",,
"Sturmklingen-Elite","DE","LGN",,
"Mutagenic Growth","EN","MM2",,
"Mutagenic Growth","EN","NPH",,
"Mutagenes Wachstum","DE","NPH",,
"Pionierin der Lagonna-Herde","DE","JOU",,
"Pionierin der Lagonna-Herde","DE","JOU",,
"Pionierin der Lagonna-Herde","DE","JOU",,
"Lagonna-Band Trailblazer","EN","JOU",,
"Karametra's Blessing","EN","THB",,
"Karametra's Blessing","EN","THB",,
"Karametra's Blessing","EN","THB",,
"Vault Skirge","EN","NPH",,
"Vault Skirge","EN","NPH",,
"Vault Skirge","EN","NPH",,
"Secluded Steppe","EN","C21",,
"Secluded Steppe","EN","C21",,
"Sandstone Bridge","EN","BFZ",,
"Wohlwollender Leibwächter","DE","JUD",,
"Seeker of the Way","EN","PLST",,
"Seeker of the Way","EN","IMA",,
"Mana Tithe","EN","TSR",,
"Heilige Katze","DE","AKH",,
"Heilige Katze","DE","AKH",,
"Sacred Cat","EN","AKH",,
"Emerge Unscathed","EN","IMA",,
"Emerge Unscathed","EN","IMA",,
"Emerge Unscathed","EN","IMA",,
"Emerge Unscathed","EN","IMA",,
"Benevolent Blessing","EN","CMR",,
"Benevolent Blessing","EN","CMR",,
"Benevolent Blessing","EN","CMR",,
"Benevolent Blessing","EN","CMR",,
"Trutziger Schlag","DE","WAR",,
"Trutziger Schlag","DE","WAR",,
"Trutziger Schlag","DE","WAR",,
"Trutziger Schlag","DE","WAR",,
"Blendende Ägis","DE","M20",,
"Blendende Ägis","DE","M20",,
"Blendende Ägis","DE","M20",,
"Blendende Ägis","DE","M20",,
"Fester Stand","DE","IKO",,
"Fester Stand","DE","IKO",,
"Fester Stand","DE","IKO",,
"Fester Stand","DE","IKO",,
"Sentinel's Eyes","EN","THB",,
"Sentinel's Eyes","EN","THB",,
"Sentinel's Eyes","EN","THB",,
"Sentinel's Eyes","EN","THB",,
"Hyena Umbra","EN","UMA",,
"Cartouche of Solidarity","EN","AKH",,
"Karametra's Blessing","EN","THB",,
"Wing It","EN","MH3",,
"Wing It","EN","MH3",,
"Wing It","EN","MH3",,
"Wing It","EN","MH3",,
"Tuktuk Rubblefort","EN","ZNR",,
"Tuktuk Rubblefort","EN","ZNR",,
"Pulse of Muras","EN","BBD",,
"Puls von Murasa","DE","OGW",,
"Axebane Guardian","EN","RTR",,
"Axebane Guardian","EN","RTR",,
"Axebane Guardian","EN","RTR",,
"Axebane Guardian","EN","RTR",,
"Überwachsene Festungsmauer","DE","ROE",,
"Überwachsene Festungsmauer","DE","ROE",,
"Überwachsene Festungsmauer","DE","ROE",,
"Überwachsene Festungsmauer","DE","ROE",,
"Saruli Caretaker","EN","RNA",,
"Saruli Caretaker","EN","RNA",,
"Saruli Caretaker","EN","RNA",,
"Saruli Caretaker","EN","RNA",,
"Zundermauer","DE","CST",,
"Zundermauer","DE","CST",,
"Zundermauer","DE","CST",,
"Vom Reellen befreit","DE","SOK",,
"Lead the Stampede","EN","IKO",,
"Lead the Stampede","EN","IKO",,
"Lead the Stampede","EN","IKO",,
"Lead the Stampede","EN","IKO",,
"Schildwall-Wachposten","DE","DMU",,
"Schildwall-Wachposten","DE","DMU",,
"Schildwall-Wachposten","DE","DMU",,
"Schildwall-Wachposten","DE","DMU",,
"Quirionwaldläufer","DE","MH2",,
"Quirionwaldläufer","DE","MH2",,
"Quirionwaldläufer","DE","MH2",,
"Quirionwaldläufer","DE","MH2",,
"Winding Way","EN","MH1",,
"Winding Way","EN","MH1",,
"Winding Way","EN","MH1",,
"Winding Way","EN","MH1",,
"Drift of Phantasms","EN","RVR",,
"Drift of Phantasms","EN","RVR",,
"Drift of Phantasms","EN","RVR",,
"Drift of Phantasms","EN","RVR",,
"Secret Door","EN","AFR",,
"Elektrisierende Alchemistin","DE","AVR",,
"Weiser vom Dritten Pfad","DE","BRO",,
"Gräberernte","DE","SCG",,
"Valakut Invoker","EN","BFZ",,
"Bloodrite Invoker","EN","ROE",,
"Hunger der Heulerrudels","DE","DKA",,
"Hunger der Heulerrudels","DE","DKA",,
"Mutagenic Growth","EN","NPH",,
"Mutagenic Growth","EN","NPH",,
"Mutagenic Growth","EN","NPH",,
"Mutagenic Growth","EN","NPH",,
"Rancor","EN","A25",,
"Rancor","EN","GVL",,
"Rancor","EN","ULG",,
"Rancor","EN","ULG",,
"Skarrgischer Grubengammler","DE","GPT",,
"Skarrgischer Grubengammler","DE","GPT",,
"Skarrgan Pit-Skulk","EN","GPT",,
"Skarrgan Pit-Skulk","EN","GPT",,
"Nest Invader","EN","PLST",,
"Nest Invader","EN","ROE",,
"Flayer Husk","EN","2XM",,
"Flayer Husk","EN","2XM",,
"Garruk's Companion","EN","M12",,
"Garruk's Companion","EN","M12",,
"Garruk's Companion","EN","M12",,
"Garruks Begleiter","DE","M11",,
"Gruft-Skirg","DE","NPH",,
"Gruft-Skirg","DE","NPH",,
"Jungwolf","DE","DKA",,
"Jungwolf","DE","DKA",,
"Jungwolf","DE","DKA",,
"Jungwolf","DE","DKA",,
"Mangroven-Groff","DE","STX",,
"Mangroven-Groff","DE","STX",,
"Mangroven-Groff","DE","STX",,
"Mangroven-Groff","DE","STX",,
"Epic Confrontation","En","PLST",,
"Epic Confrontation","En","PLST",,
"Epic Confrontation","EN","A25",,
"Epic Confrontation","EN","A25",,
"Gewundener Weg","DE","MH1",,
"Gewundener Weg","DE","MH1",,
"Gewundener Weg","DE","MH1",,
"Gewundener Weg","DE","MH1",,
"Vines of Vastwood","EN","ZEN",,
"Vines of Vastwood","EN","ZEN",,
"Vines of Vastwood","EN","ZEN",,
"Vines of Vastwood","EN","ZEN",,
"Titanic Growth","En","M19",,
"River Boa","EN","ZEN",,
"River Boa","EN","ZEN",,
"River Boa","EN","ZEN",,
"River Boa","EN","ZEN",,
"Hydrablut","DE","BNG",,
"Hydrablut","DE","BNG",,
"Hydrablut","DE","BNG",,
"Hydrablut","DE","BNG",,
"Nest Invader","EN","ROE",,
"Nest-Eindringling","DE","ROE",,
"Laubkronen-Dryade","DE","THS",,
"Für die Familie","DE","SNC",,
"Für die Familie","DE","SNC",,
"Für die Familie","DE","SNC",,
"Nissas Ausgewählter","DE","ZEN",,
"Nissas Ausgewählter","DE","ZEN",,
"Nissas Ausgewählter","DE","ZEN",,
"Nissa's Chosen","EN","ZEN",,
"Skarrgan Pit-Skulk","EN","DDS",,
"Skarrgan Pit-Skulk","EN","DDS",,
"Burning-Tree Emissary","EN","DDS",,
"Burning-Tree Emissary","EN","DDS",,
"Mortal's Resolve","EN","BNG",,
"Mortal's Resolve","EN","BNG",,
"Giant Growth","EN","M10",,
"Giant Growth","EN","M10",,
"Riesenwuchs","DE","M10",,
"Giant Growth","EN","WAR",,
"Überwältigende Größe","DE","LCI",,
"Überwältigende Größe","DE","LCI",,
"Genaue Analyse","DE","2X2",,
"Genaue Analyse","DE","2X2",,
"Genaue Analyse","DE","2X2",,
"Faithful Watchdog","EN","MH3",,
"Faithful Watchdog","EN","MH3",,
"Faithful Watchdog","EN","MH3",,
"Faithful Watchdog","EN","MH3",,
"Wächter des Beilbrecherwalds","DE","RTR",,
"Wächter des Beilbrecherwalds","DE","RTR",,
"Wächter des Beilbrecherwalds","DE","RTR",,
"Wächter des Beilbrecherwalds","DE","RTR",,
"Elvish Mystic","EN","M15",,
"Secluded Steppe","En","C21",,
"Secluded Steppe","En","C21",,
"Urza's Mine","EN","2XM",,
"Prismatic Lens","EN","C18",,
"Goldwaschpfanne","DE","OTJ",,
"Freischreiter-Kommando","DE","OTJ",,
"Effekthascher","DE","OTJ",,
"Wrench Mind","EN","MRD",,
"Negieren","DE","DTK",,
"Uralte Höhle","DE","MRD",,
"Uralte Höhle","DE","MRD",,
"Ancient Den","EN","BRC",,
"Ancient Den","EN","BRC",,
"Opt","EN","ELD",,
"Giant Beaver","EN","OTJ",,
"Verpfuschtes Gemisch","DE","RAV",,
"Delver of Secrets","EN","MID",,
"Delver of Secrets","EN","MID",,
"Spell Pierce","En","2X2",,
"Zauberdurchbohrung","DE","NEO",,
"Zauberdurchbohrung","DE","NEO",,
"Zauberdurchbohrung","DE","NEO",,
"Great Furnace","EN","DDU",,
"Urza's Power Plant","EN","2XM",,
"Frogmite","EN","MRD",,
"Vault Skirge","En","NPH",,
"Gruft-Skirg","DE","NPH",,
"Basiliskentor","DE","CLB",,
"Goldhound","EN","SNC",,
"Scour from Existence","EN","BFZ",,
"Costly Plunder","En","XLN",,
"Aufscheuern","DE","LCI",,
"Flugstunde","DE","OTP",,
"Greifender Kauz","DE","OTJ",,
"Harrier Strix","EN","OTJ",,
"Gedeihende Heide","DE","J22",,
"Gedeihende Heide","DE","J22",,
"Gedeihende Heide","DE","MOC",,
"Thriving Heath","EN","JMP",,
"Gedeihendes Moor","DE","J22",,
"Gedeihendes Moor","DE","J22",,
"Gedeihendes Moor","DE","MOC",,
"Thriving Moor","En","JMP",,
"Seetor","DE","CLB",,
"Seetor","DE","CLB",,
"Gedeihende Felsklippe","DE","J22",,
"Gedeihende Felsklippe","DE","J22",,
"Thriving Bluff","En","JMP",,
"Gedeihende Insel","DE","J22",,
"Gedeihende Insel","DE","J22",,
"Gedeihende Insel","De","MOC",,
"Thriving Isle","EN","JMP",,
"Gedeihender Hain","DE","J22",,
"Gedeihender Hain","DE","J22",,
"Gedeihender Hain","DE","J22",,
"Thriving Grove","EN","JMP",,
"Schwarzdrachentor","DE","CLB",,
"Zitadelltor","DE","CLB",,
"Zitadelltor","DE","CLB",,
"Schneefeld-Doline","DE","CLB",,
"Hochlandwald","DE","CLB",,
"Fauliges Tal","DE","OTJ",,
"Schroffes Ödland","DE","OTJ",,
"Bristling Backwoods","EN","OTJ",,
"Abgescheuerte Felsklippen","DE","OTJ",,
"Jagged Barrens","EN","OTJ",,
"Creosote Heath","EN","OTJ",,
"Creosote Heath","EN","OTJ",,
"Holy Cow","EN","OTJ",,
"Holy Cow","EN","OTJ",,
"Heilige Kuh","DE","OTJ",,
"Heilige Kuh","DE","OTJ",,
"Optionen","DE","WOC",,
"Optionen","DE","XLN",,
"Brainstorm","EN","STA",,
"Brainstorm","EN","C15",,
"Anticipate","EN","BFZ",,
"Falke des Heilers","DE","GRN",,
"Miner's Guidewing","EN","LCI",,
"Miner's Guidewing","EN","LCI",,
"Leitflügler des Schürfers","DE","LCI",,
"Badendes Wasserschwein","DE","LCI",,
"Basking Capybara","EN","LCI",,
"Basking Capybara","EN","LCI",,
"Pfeilgiftfrosch","DE","LCI",,
"Pfeilgiftfrosch","DE","LCI",,
"Poison Dart Frog","EN","LCI",,
"Schlachtfeld-Raptor","DE","KHM",,
"Schlachtfeld-Raptor","DE","KHM",,
"Schlachtfeld-Raptor","DE","KHM",,
"Schlachtfeld-Raptor","DE","KHM",,
"Fire Urchin","EN","GRN",,
"Fire Urchin","EN","GRN",,
"Incinerate","En","10E",,
"Satyr Wayfinder","EN","BNG",,
"Satyr Wayfinder","EN","BNG",,
"Den Spiess umdrehen","DE","OTP",,
"Archaeomancer","EN","UMA",,
"Archaeomancer","EN","UMA",,
"Archaeomancer","EN","UMA",,
"Aschenödnis","DE","CLB",,
"Aschenödnis","DE","CLB",,
"Ash Barrens","En","C16",,
"Goblin Electromancer","En","GRN",,
"Goblin Electromancer","En","GRN",,
"Goblin Electromancer","En","GRN",,
"Goblin Electromancer","En","GRN",,
"Lara Croft, Tomb Raider","EN","SLD",,
"Storms of Yamatai","En","SLD",,
"Heart of the Explorer","EN","SLD",,
"The Grim Whisper","EN","SLD",,
"Totec's Spear","EN","SLD",,
"Kitezh, Sunken City","EN","SLD",,
"Croft Manor","EN","SLD",,
"Brachiosaurus","EN","SLD",,
"Tyrannosaurus Rex","EN","SLD",,
"Velociraptor","EN","SLD",,
"Indominus Rex","EN","SLD",,
"Spinosaurus","EN","SLD",,
"Triceratops","EN","SLD",,
"Skullclamp","EN","C16",,
"Sol Ring","En","c16",,
"Fellwar Stone","En","C16",,
"Gruul Signet","En","C16",,
"Commander's Sphere","EN","c16",,
"Presence of the Master","En","LEG",,
"Streitwagen","DE","ICE",,
"Wüste des Untergangs","DE","MIR",,
"Boomerang","EN","LEG",,
"Sol'kanar the Swamp King","EN","LEG",,
"Windsceada","DE","TMP",,
"Kirtars Verlangen","DE","ODY",,
"Armorer Guildmage","EN","MIR",,
"Zeitebbe","DE","P02",,
"Dwarven Pony","En","HML",,
"Zwergenpony","DE","HML",,
"Harlekin des Chaos","DE","ALL",,
"Wolkenwald","DE","TMP",,
"Serras Vogelpark","DE","HML",,
"Marjhan","DE","HML",,
"Trained Jackal","EN","PTK",,
"Tiefsee-Behemoth","DE","7ED",,
"Ebon Praetor","EN","FEM",,
"Frühernte","DE","6ED",,
"Amugaba","EN","ODY",,
"Revelation","EN","CHR",,
"Tundra Wolves","EN","LEG",,
"Fellwarstein","DE","ONC",,
"Untote beschwören","DE","CLB",,
"Druidisches Ritual","DE","CLB",,
"Eladamris Weinberg","DE","TMP",,
"Silent Arbiter","EN","C20",,
"Bannendes Licht","DE","BLB",,
"Tapferklan-Duo","DE","BLB",,
"Glanzklingen-Wiesel","DE","BLB",,
"Baumeistertalent","DE","BLB",,
"Fürsorgetalent","DE","BLB",,
"Karottenkuchen","DE","BLB",,
"Zerbrösel's und hol's dir","DE","BLB",,
"Waffenruhe bei Morgengrauen","DE","BLB",,
"Tautropfentinktur","DE","BLB",,
"Trübschweif-Kojote","DE","BLB",,
"Flugfeder","DE","BLB",,
"Harvestrite Host","EN","BLB",,
"Hop to it","EN","BLB",,
"Intrepid Rabbit","En","BLB",,
"Jolly Gerbils","EN","BLB",,
"Lebensschwur-Duo","DE","BLB",,
"Mabellas Mut","DE","BLB",,
"Mäusefallensteller","DE","BLB",,
"Nettle Guard","EN","BLB",,
"Abschiedsböe","DE","BLB",,
"Pileated Provisioner","EN","BLB",,
"Rabbit Response","EN","BLB",,
"Zurückweisung des Unheils","DE","BLB",,
"Schwan der Erlösung","DE","BLB",,
"Seasoned Warrenguard","EN","BLB",,
"Würgerwehr","DE","BLB",,
"Sonar Strike","EN","BLB",,
"Star Charter","EN","BLB",,
"Anrufung des Sternenfalls","DE","BLB",,
"Distelwoll-Ensemble","DE","BLB",,
"Ältester des Baus","DE","BLB",,
"Zeugin des Mondzyklus","DE","BLB",,
"Quakende Ausruferin","DE","BLB",,
"Unheilvolle Flut","DE","BLB",,
"Wagemutige Wellenreiterin","DE","BLB",,
"Schillernde Verneinung","DE","BLB",,
"Dire Downdraft","EN","BLB",,
"Mürrischer Hafenmagier","DE","BLB",,
"Eddymurk Crab","EN","BLB",,
"Finkenformation","DE","BLB",,
"Gossip's Talent","EN","BLB",,
"In den Schlund der Flut","DE","BLB",,
"Welpenraub","DE","BLB",,
"Eisenvogel","DE","BLB",,
"Lightshell Duo","EN","BLB",,
"Long River Lurker","EN","BLB",,
"Long River's Pull","EN","BLB",,
"Mind Spiral","EN","BLB",,
"Verstandsmausmerzer","DE","BLB",,
"Spottdrossel","DE","BLB",,
"Nightwhorl Hermit","EN","BLB",,
"Otterball-Eskapaden","DE","BLB",,
"Pearl of Wisdom","EN","BLB",,
"Federschwur-Eskorte","DE","BLB",,
"Zusammen durchbrennen","DE","BLB",,
"Stützen","DE","BLB",,
"Uferplünderer","DE","BLB",,
"Luftspringer-Duo","DE","BLB",,
"Spellgyre","EN","BLB",,
"Platschpeitscher","DE","BLB",,
"Splash Portal","EN","BLB",,
"Stormchaser's Talent","EN","BLB",,
"Zuckerguss","DE","BLB",,
"Gedankenlöser","DE","BLB",,
"Thal-Flutruferin","DE","BLB",,
"Waterspout Warden","EN","BLB",,
"Wunschbrunnen","DE","BLB",,
"Agate-Blade Assassin","EN","BLB",,
"Banditentalent","DE","BLB",,
"Knochenbund-Beschwörer","DE","BLB",,
"Knochenlager-Aufseher","DE","BLB",,
"Consumed by Greed","EN","BLB",,
"Dolchzahn-Duo","DE","BLB",,
"Darkstar Augur","EN","BLB",,
"Düstersicht","DE","BLB",,
"Fallwind-Kommando","DE","BLB",,
"Early Winter","EN","BLB",,
"Feed the Cycle","EN","BLB",,
"Erlegen","DE","BLB",,
"Glidedive Duo","EN","BLB",,
"Hülsensprenger-Schwarm","DE","BLB",,
"Moonstone Harbinger","EN","BLB",,
"Nocturnal Hunger","EN","BLB",,
"Persistent Marshstalker","EN","BLB",,
"Schluchträuber","DE","BLB",,
"Rottenmouth Viper","EN","BLB",,
"Ruthless Negotiation","EN","BLB",,
"Auskosten","DE","BLB",,
"Scales of Shale","EN","BLB",,
"Unheilvoller Monolith","DE","BLB",,
"Blick in die Sterne","DE","BLB",,
"Sternenlicht-Wahrsagerin","DE","BLB",,
"Sternenzelt-Klerikerin","DE","BLB",,
"Dornenplatten-Einschüchterer","DE","BLB",,
"Gedankenklaubender Hexenmeister","DE","BLB",,
"Thal-Moderruferin","DE","BLB",,
"Wick Wirtelhirn","DE","BLB",,
"Wick's Patrol","EN","BLB",,
"Agate Assault","EN","BLB",,
"Alanias Wegbereiter","DE","BLB",,
"Blacksmith's Talent","EN","BLB",,
"Blütenschuss","DE","BLB",,
"Brambleguard Captain","EN","BLB",,
"Brazen Collector","EN","BLB",,
"Nebenweg-Tauschhändler","DE","BLB",,
"Elektrizität leiten","DE","BLB",,
"Coruscation Mage","EN","BLB",,
"Flammenpuffer-Gecko","DE","BLB",,
"Kragenechsen-Funkenschütze","DE","BLB",,
"Beherrscherin der Stürme","DE","BLB",,
"Kamingeborener Kämpfer","DE","BLB",,
"Auftragskralle","DE","BLB",,
"Zunderblitz-Duo","DE","BLB",,
"Might of the Meek","DE","BLB",,
"Spielerischer Schubser","DE","BLB",,
"Erdstoßzahn-Keiler","DE","BLB",,
"Raubein-Duo","DE","BLB",,
"Sazacap's Brew","EN","BLB",,
"Season of the Bold","EN","BLB",,
"Siedepfad-Stürmer","DE","BLB",,
"Sonnenrücken-Luchs","DE","BLB",,
"Take Out The Trash","EN","BLB",,
"Teapot Slinger","EN","BLB",,
"War Squeak","EN","BLB",,
"Whiskerquill Scribe","EN","BLB",,
"Heulen der Feuersbrunst","DE","BLB",,
"Bäckerschreck-Duo","DE","BLB",,
"Bark-Knuckle Boxer","EN","BLB",,
"Brambleguard Veteran","EN","BLB",,
"Buschige Leibwächterin","DE","BLB",,
"Cache Grab","EN","BLB",,
"Neugieriger Sammler","DE","BLB",,
"Druide des Spatens","DE","BLB",,
"Fruchtbarer Grünpanzer","DE","BLB",,
"For the Common Good","EN","BLB",,
"Tückwurz-Kräuterkundler","DE","BLB",,
"Heaped Harvest","EN","BLB",,
"Stelzieren","De","BLB",,
"Schwarmrücken-Vielfraß","DE","BLB",,
"Verehrter Kobelführer","DE","BLB",,
"Jägertalent","DE","BLB",,
"Longstalk Brawl","EN","BLB",,
"Lumra, Gebrüll des Waldes","De","BLB",,
"Überbehüten","DE","BLB",,
"Pawpatch Formation","EN","BLB",,
"Verquappen","DE","BLB",,
"Rostschild-Wüterich","DE","BLB",,
"Klebezungen-Wächter","De","BLB",,
"Befüllung der Speisekammer","DE","BLB",,
"Sonnentropfen-Druide","DE","BLB",,
"Tender Wildguide","EN","BLB",,
"Dreibaum-Wurzelweberin","DE","BLB",,
"Schreiber aus Dreibaumstadt","DE","BLB",,
"Treeguard Duo","EN","BLB",,
"Mürbe machen","DE","BLB",,
"Alania die Sturmlenkerin","DE","BLB",,
"Baylen der Drescher","De","BLB",,
"Burrowguard Mentor","EN","BLB",,
"Zundermeuchlerin","DE","BLB",,
"Kadaverbeerenzüchterin","DE","BLB",,
"Traumtau-Hypnotiseur","DE","BLB",,
"Finneas der Meisterschütze","DE","BLB",,
"Feuerglas-Mentor","DE","BLB",,
"Gev, schuppiger Versenger","DE","BLB",,
"Herrin des Hauses","DE","BLB",,
"Helga, sprunghafte Seherin","DE","BLB",,
"Hugs, borstiger Wächter","DE","BLB",,
"Junkblade Bruiser","EN","BLB",,
"Kestral die Windkrone","DE","BLB",,
"Planschblatt-Mentorin","De","BLB",,
"Mabel, Heir to Cragflame","EN","BLB",,
"Gedankenbohrer-Angreifer","DE","BLB",,
"Mondschein-Kleriker","De","BLB",,
"Muerra die Abfall-Strategin","DE","BLB",,
"Plumecreed Mentor","EN","BLB",,
"Pond Prophet","EN","BLB",,
"Ral, Crackling Wit","EN","BLB",,
"Saatglefen-Mentor","DE","BLB",,
"Saatkapsel-Knappe","De","BLB",,
"Sternenblick-Mentorin","DE","BLB",,
"Tempest Angler","En","BLB",,
"Tidecaller Mentor","EN","BLB",,
"Wachmaus-Veteran","DE","BLB",,
"Rankenzucht-Mentor","DE","BLB",,
"Vren, the Relentless","EN","BLB",,
"Wandertale Mentor","EN","BLB",,
"Bumbleflower's Sharepot","EN","BLB",,
"Fountainport Bell","EN","BLB",,
"Heirloom Epic","EN","BLB",,
"Patchwork Banner","EN","BLB",,
"Short Bow","EN","BLB",,
"Starforged Sword","EN","BLB",,
"Three Tree Mascot","EN","BLB",,
"Verborgene Grotte","DE","BLB",,
"Lilypad Village","EN","BLB",,
"Lupinflower Village","En","BLB",,
"Plattmatschdorf","DE","BLB",,
"Eichenmuldendorf","DE","BLB",,
"Rockface Village","EN","BLB",,
"Three Tree City","EN","BLB",,
"Uncharted Haven","EN","BLB",,
"Flubs, the Fool","En","BLC",,
"Thundertrap Trainer","EN","BLB",,
"Verkohltes Foyer","DE","DSK",,
"Dornengrat-Vestibül","DE","DSK",,
"Herrscher der Dampfbilge","DE","DSK",,
"Niko, Licht der Hoffnung","DE","DSK",,
"Schwere Wunde","DE","DSK",,
"Ley-Line der Hoffnung","DE","DSK",,
"Blick hinter den Schleier","DE","DSK",,
"Victor, Valgavoths Seneschall","DE","DSK",,
"Verbotenes Büro","DE","DSK",,
"Untoter Sprinter","DE","DSK",,
"Untergangspeiniger","DE","DSK",,
"Angst, etwas zu verpassen","DE","DSK",,
"Der Fröhliche Ballonmann","DE","DSK",,
"Ley-Line der Mutation","DE","DSK",,
"Valgavoths Nest","DE","DSK",,
"Valgavoths Angriff","DE","DSK",,
"Tamiyos Geschichte","DE","DSK",,
"Rip, Jägerin der Ausgeburten","DE","DSK",,
"Kona, rettendes Monsterchen","DE","DSK",,
"Kreischende Nemesis","DE","DSK",,
"Emotionaler Abschied","DE","DSK",,
"Qualvolle Prüfung","DE","DSK",,
"Blutendes Gehölz","DE","DSK",,
"Den Mund verbieten","DE","DSK",,
"Besessene Ziege","DE","DSK",,
"Letzte Rache","DE","DSK",,
"Ohne Ausweg","DE","DSK",,
"Messerfallenschlucht","DE","DSK",,
"Zynische Einzelgängerin","DE","DSK",,
"Rettung des Splittermagiers","DE","DSK",,
"Baseballschläger","DE","DSK",,
"Ruf seinen Namen","DE","DSK",,
"Schreckmoment","DE","DSK",,
"Kornkreisfeld","DE","DSK",,
"Mechanischer Trommler","DE","DSK",,
"Kryptid-Beschauerin","DE","DSK",,
"Trüber Abwasserkanal","DE","DSK",,
"Geübter Überlebenskünstler","DE","DSK",,
"Koordinierte Keilerei","DE","DSK",,
"Arabella, herrenlose Puppe","DE","DSK",,
"Verlassener Lagerplatz","DE","DSK",,
"Selbstvergessener Bücherwurm","DE","DSK",,
"Eintritt ins Enigma","DE","DSK",,
"Im Bildschirm gefangen","DE","DSK",,
"Zwiesprache mit dem Bösen","DE","DSK",,
"Ätherrüstung","DE","DSK",,
"Gefahr hinter jeder Ecke","DE","DSK",,
"Hinab zu den Wurzeln","DE","DSK",,
"Hartgesottene Eskorte","DE","DSK",,
"Baufällige Mansarde","DE","DSK",,
"Den Preis schnappen","DE","DSK",,
"Zerlumpter Spielkamerad","DE","DSK",,
"Ruf seinen Namen","DE","DSK",,
"Lärmender Rummelplatz","DE","DSK",,
"Tückischer Pilz","DE","DSK",,
"Waisen des Weizens","DE","DSK",,
"Kartograph des Hauses","DE","DSK",,
"Schauderhafte Lebenskraft","DE","DSK",,
"Schreckmoment","DE","DSK",,
"Fleischkühlraum","DE","DSK",,
"Respektloser Gremlin","DE","DSK",,
"Beliebte Egoistin","DE","DSK",,
"Modernder Turnsaal","DE","DSK",,
"Verzerrte Realität","DE","DSK",,
"Mechanischer Trommler","DE","DSK",,
"Keinen Mucks machen","DE","DSK",,
"Löwenherz-Schimmer","DE","DSK",,
"Nichts wie raus","DE","DSK",,
"Gremlinzähmerin","DE","DSK",,
"Ruf seinen Namen","DE","DSK",,
"Kartenschalter","DE","DSK",,
"Letzte Rache","DE","DSK",,
"Fanatiker der Auslese","DE","DSK",,
"Feuchtkalter Pirscher","DE","DSK",,
"Heiler des Kults","DE","DSK",,
"Prunkvolle Treppe","DE","DSK",,
"Hütte am See","DE","DSK",,
"Ungelegene Fehlfunktion","DE","DSK",,
"Leitfähige Machete","DE","DSK",,
"Sporogene Infektion","DE","DSK",,
"Monströser Auswuchs","DE","DSK",,
"Tückischer Pilz","DE","DSK",,
"Säge","DE","DSK",,
"Türe aufbrechen","DE","DSK",,
"Qualvolle Prüfung","DE","DSK",,
"Unterwassertunnel","DE","DSK",,
"Glashütte","DE","DSK",,
"In- und auswendig","DE","DSK",,
"Teuflisches Spiel","DE","DSK",,
"Retter der Kleinen","DE","DSK",,
"Wachsendes Grauen","DE","DSK",,
"Geifernder Astbrecher","DE","DSK",,
"Krabbelnder Linser","DE","DSK",,
