"Sift";"Durchkämmen";4;it;;"10e";common
"Jace, Wielder of Mysteries";"Jace, Beherrscher der Mysterien";4;en;2,67;"war";rare
"Wonder";"Wundersame Mauer";4;en;0,69;"ema";uncommon
"Kitesail Larcenist";"Lenkdrachen-Diebin";3;en;0,76;"lci";rare
"Archetype of Imagination";"Sinnbild der Vorstellungskraft";6;en;0,49;"c18";uncommon
"";"Ausgewählter der Ahnfrau";0;;;"";
"Loyal Drake";"Loyaler Sceada";3;en;0,53;"c18";uncommon
"Laboratory Maniac";"Manischer Laborant";3;en;2,61;"uma";uncommon
"Thassa's Oracle";"Thassas Orakel";2;en;15,02;"thb";rare
"Spark Double";"Funken-Doppelgänger";4;en;3,42;"war";rare
"Talrand, Sky Summoner";"Talrand der Himmelsbeschwörer";4;en;0,27;"dds";rare
"Teferi's Ageless Insight";"Teferis zeitlose Einsicht";4;en;1,79;"m21";rare
"Stinging Lionfish";"Stechender Feuerfisch";2;en;0,13;"thb";uncommon
"Hullbreaker Horror";"Rumpfbrecher-Schrecken";7;en;2,21;"woc";rare
"Wavebreak Hippocamp";"Wellenbrecher-Hippokamp";3;en;0,50;"thb";rare
"Naiad of Hidden Coves";"Najade der versteckten Buchten";3;en;0,09;"thb";common
"";"Ausgewählter der Ahnfrau";0;;;"";
"Curiosity";"Neugier";1;en;0,35;"a25";uncommon
"Ophidian Eye";"Schlangenauge";3;en;2,35;"tsp";common
"Witness Protection";"Zeugenschutz";1;en;0,38;"snc";common
"Propaganda";"Propaganda";3;en;2,43;"c20";uncommon
"";"Ausgewählter der Ahnfrau";0;;;"";
"Reconnaissance Mission";"Aufklärungsmission";4;en;0,70;"woc";uncommon
"Kindred Discovery";"Entdeckungen der Sippe";5;en;8,06;"clb";rare
"Mystic Remora";"Mystischer Wels";1;en;4,90;"ice";common
"Boreas Charger";"Boreas-Streitross";3;en;0,29;"c18";rare
"Jace's Sanctum";"Jaces Refugium";4;en;1,25;"c19";rare
"Kumena's Awakening";"Kumenas Erwachen";4;en;0,37;"rix";rare
"Beacon of Tomorrows";"Leitstern des Morgigen";8;en;1,88;"dds";rare
"Windfall";"Unerwarteter Gewinn";3;en;1,75;"ima";uncommon
"Finale of Revelation";"Finale der Offenbarung";2;en;0,92;"war";mythic
"Flood of Tears";"Flut aus Tränen";6;en;0,52;"m20";rare
"Reflections of Littjara";"Spiegelungen von Littjara";5;en;1,27;"woc";rare
"Drawn from Dreams";"Herbeiträumen";4;en;0,17;"m20";rare
"Mind Spring";"undefined";2;en;0,16;"c20";rare
"Silver Scrutiny";"Silbrige Untersuchung";2;en;0,22;"dmu";rare
"Aminatou's Augury";"Aminatous Weissagung";8;en;0,84;"c18";rare
"";"Ausgewählter der Ahnfrau";0;;;"";
"Time Reversal";"Zeitumkehr";5;en;2,50;"m11";mythic
"River's Rebuke";"Zurückweisung des Flusses";6;en;0,55;"xln";rare
"Portent";"Vorzeichen";1;en;0,59;"c18";common
"Serum Visions";"Visionen nach Serumsgenuss";1;en;0,47;"5dn";common
"Solve the Equation";"Die Gleichung lösen";3;en;2,15;"stx";uncommon
"Rush of Knowledge";"Wissensschwall";5;en;0,22;"c14";common
"Distant Melody";"Ferne Melodie";4;en;0,41;"znc";common
"Raise the Palisade";"Errichten der Palisaden";5;en;10,58;"ltc";rare
"Secrets of the Golden City";"Geheimnisse der Goldenen Stadt";3;en;0,06;"rix";common
"Treasure Cruise";"Lohnende Ausfahrt";8;en;0,17;"c16";common
"Echo of Eons";"Echo der Zeitalter";6;en;19,73;"mh1";mythic
"Preordain";"Vorherbestimmen";1;en;1,41;"m11";common
"Step Between Worlds";"Schritt zwischen den Welten";5;en;0,12;"otj";rare
"Shifting Grift";"Gaunerische Verlagerung";2;en;0,09;"otj";uncommon
"Unauthorized Exit";"Unerlaubter Abtritt";2;en;0,04;"mkm";common
"Reasonable Doubt";"Begründeter Zweifel";2;en;0,11;"mkm";common
"Behind the Mask";"Hinter der Maske";1;en;0,09;"mkm";common
"Deduce";"Schlussfolgern";2;en;0,16;"mkm";common
"Essence Capture";"Essenzfang";2;en;0,06;"otp";uncommon
"Pull from Tomorrow";"Sog der Zeit";2;en;0,52;"moc";rare
"Memory Lapse";"Gedächtnislücke";2;en;1,04;"sta";rare
"Quicken";"Beschleunigen";1;de;;"m14";rare
"Insidious Will";"Heimtückischer Wille";4;en;0,49;"kld";rare
"Arcane Denial";"Mysteriöse Ablehnung";2;en;2,24;"woc";common
"Suspend";"Suspendieren";1;en;0,18;"mh2";rare
"Polymorphist's Jest";"Polymorphistenscherz";3;en;3,16;"m15";rare
"Sublime Epiphany";"Hehre Offenbarung";6;en;3,11;"m21";rare
"";"Ausgewählter der Ahnfrau";0;;;"";
"Sudden Substitution";"Plötzlicher Austausch";4;en;1,51;"c19";rare
"Mystic Confluence";"Mystische Konfluenz";5;en;0,88;"bbd";rare
"Tale's End";"Geschichten der Vorfahren";2;en;2,96;"m20";rare
"Pongify";"Veraffung";1;en;2,48;"2xm";uncommon
"Animate Artifact";"Artefaktbelebung";4;en;4,51;"2ed";uncommon
"Rapid Hybridization";"Schnelle Hybridisierung";1;en;3,39;"gk2";uncommon
"Defabricate";"Entfabrizieren";2;en;0,16;"bro";uncommon
"Minor Misstep";"Kleiner Fehler";1;en;0,21;"one";uncommon
"Dissipate";"Auflösung";3;en;0,15;"isd";uncommon
"Jwari Disruption // Jwari Ruins";"undefined";2;en;0,28;"znr";uncommon
"Dispel";"Kapsel des Verbanners";1;en;0,23;"bfz";common
"Foil";"Durchkreuzen";4;en;0,43;"uma";common
"Leadership Vacuum";"Führungsvakuum";3;en;0,35;"c19";uncommon
"Absolute Grace";"Ewige Gnade";2;en;0,47;"usg";uncommon
"High Tide";"Flut";1;en;0,67;"fem";common
"Shore Up";"Stützen";1;en;0,21;"dmu";common
"Mystic Reflection";"Mystische Spiegelung";2;en;1,13;"khm";rare
"Swan Song";"Schwanengesang";1;en;9,45;"ths";rare
"Commander's Insight";"Einblick des Kommandeurs";3;en;0,45;"c21";rare
"";"Ausgewählter der Ahnfrau";0;;;"";
"Perplexing Test";"Verwirrender Test";5;en;0,33;"woc";rare
"Tegwyll, Duke of Splendor";"Tegwyll, Fürst der Pracht";3;en;0,70;"woc";mythic
"Animate Artifact";"Artefaktbelebung";4;en;4,51;"2ed";uncommon
"Consider";"Abwägen";1;en;0,66;"woc";common
"Snap";"Schnappender Sceada";2;en;1,49;"woc";common
"Dig Through Time";"In den Zeiten wühlen";8;en;0,24;"woc";rare
"Theoretical Duplication";"Theoretische Duplikation";3;en;0,25;"woc";rare
"Tegwyll, Duke of Splendor";"Tegwyll, Fürst der Pracht";3;en;0,70;"woc";mythic
"Keep Watch";"undefined";3;en;0,37;"woc";common
"Repulse";"Zurückstoßen";3;en;0,16;"woc";common
"Reality Shift";"Realitätsverschiebung";2;en;0,48;"woc";uncommon
"Run Away Together";"Zusammen durchbrennen";2;en;0,13;"woc";common
"Sidar Kondo of Jamuraa";"Sidar Kondo von Jamuraa";4;en;;"c16";mythic
"Migratory Route";"Vogelzug";5;en;0,18;"c16";uncommon
"Against All Odds";"Entgegen allen Erwartungen";4;en;0,08;"one";uncommon
"Grumgully, the Generous";"Grumgully der Großzügige";3;en;0,18;"clb";uncommon
"+2 Mace";"undefined";2;en;0,07;"afr";common
"Laughing Jasper Flint";"Lachkasper Flint";3;en;0,41;"otj";rare
"Izoni, Center of the Web";"Izoni, Mittelpunkt des Netzes";6;en;0,13;"mkm";rare
"Judith, Carnage Connoisseur";"Judith, Gemetzel-Genießerin";5;en;0,24;"mkm";rare
"Kylox, Visionary Inventor";"Kylox, visionärer Erfinder";7;en;0,17;"mkm";rare
"Melek, Reforged Researcher";"Melek, neugeformter Forscher";5;en;;"mkm";mythic
"Honest Rutstein";"Ehrlicher Rutstein";3;en;0,37;"otj";uncommon
"Jhoira of the Ghitu";"Jhoira von den Ghitu";3;en;;"dds";mythic
"Jori En, Ruin Diver";"Jori En, Ruinentaucherin";3;en;0,63;"dds";rare
"Baral and Kari Zev";"Baral und Kari Zev";3;en;0,22;"mom";rare
"Rankle and Torbran";"Rankel und Torbran";5;en;0,13;"mom";rare
"Faceless One";"Der Gesichtslose";5;en;0,10;"clb";special
"Thantis, the Warweaver";"Thantis die Kriegsweberin";6;en;;"c18";mythic
"Radha, Heir to Keld";"Radha, Erbin von Keld";2;en;0,10;"dds";rare
"Goblin Electromancer";"Goblin-Elektromagier";2;en;0,11;"dds";common
"Goblin Traprunner";"Goblin-Fallenläufer";4;en;0,10;"mh2";uncommon
"";"Ausgewählter der Ahnfrau";0;;;"";
"Kambal, Profiteering Mayor";"Kambal, korrupter Bürgermeister";3;en;1,13;"otj";rare
"";"Ausgewählter der Ahnfrau";0;;;"";
"Katilda and Lier";"Katilda und Lier";3;en;;"moc";mythic
"Xantcha, Sleeper Agent";"Xantcha die Schläferin";3;en;0,74;"c18";rare
"Saskia the Unyielding";"Saskia die Unbeugsame";4;en;;"c16";mythic
"Admiral Brass, Unsinkable";"Admiralin Tollkun, die Unsinkbare";5;en;0,27;"lcc";mythic
"Fires of Yavimaya";"Feuer von Yavimaya";3;en;0,50;"ddl";uncommon
"Mirari's Wake";"Miraris Nachwirkungen";5;en;3,18;"c17";mythic
"Aura Shards";"Aurascherben";3;en;12,67;"cmd";uncommon
"Etchings of the Chosen";"Relief der Auserwählten";3;en;0,31;"mh1";uncommon
"Blood Spatter Analysis";"Blutspurenanalyse";2;en;0,10;"mkm";rare
"Buried in the Garden";"Im Garten vergraben";4;en;0,10;"mkm";uncommon
"Kellan Joins Up";"Kellans Bandenbeitritt";3;en;0,15;"otj";rare
"Annie Joins Up";"Annies Bandenbeitritt";4;en;1,66;"otj";rare
"Buried in the Garden";"Im Garten vergraben";4;en;0,05;"otp";uncommon
"Merciless Eviction";"Gnadenlose Vertreibung";6;en;0,85;"c16";rare
"Decimate";"Dezimieren";4;en;0,36;"c16";rare
"Molten Collapse";"Geschmolzener Einsturz";2;en;1,12;"lci";rare
"Time Wipe";"Zeitlöschung";5;en;0,15;"war";rare
"Hull Breach";"Hüllenbruch";2;en;0,67;"c13";common
"Treacherous Terrain";"Tückisches Gelände";8;en;0,29;"c16";uncommon
"Casualties of War";"Opfer des Krieges";6;en;0,46;"war";rare
"Duneblast";"Dünensturm";7;en;0,15;"c16";rare
"Eerie Ultimatum";"Schauriges Ultimatum";7;en;5,65;"iko";rare
"Emergent Ultimatum";"Aufkeimendes Ultimatum";7;en;1,71;"iko";rare
"Squirming Emergence";"Wabernde Emergenz";3;en;0,45;"lci";rare
"Pillage the Bog";"Schlammplünderung";2;en;1,77;"otj";rare
"Fell the Mighty";"Die Mächtigen stürzen";5;en;0,17;"otp";rare
"Savage Smash";"Wilde Attacke";3;en;0,05;"otp";uncommon
"Hindering Light";"Behinderndes Licht";2;en;0,08;"otp";uncommon
"Izzet Charm";"Izzet-Amulett";2;en;0,21;"rtr";uncommon
"Despark";"Funkenraub";2;en;0,24;"clb";uncommon
"Esper Charm";"Amulett aus Esper";3;en;0,33;"c18";uncommon
"Abzan Charm";"Abzan-Amulett";3;en;0,18;"c16";uncommon
"Brokers Charm";"Brokers-Amulett";3;en;0,12;"snc";uncommon
"Cabaretti Charm";"Cabaretti-Amulett";3;en;0,13;"snc";uncommon
"Obscura Charm";"Obscura-Amulett";3;en;0,11;"snc";uncommon
"Bant Charm";"Amulett aus Bant";3;en;0,18;"c18";uncommon
"Naya Charm";"Amulett aus Naya";3;en;0,11;"c19";uncommon
"Ancient Grudge";"Uralter Groll";2;en;0,14;"mm3";uncommon
"Desperate Ravings";"Verzweifelte Delirien";2;en;0,09;"isd";uncommon
"Vanishing Verse";"Vers des Verschwindens";2;en;0,92;"stx";rare
"Growth Spiral";"Wachstumsspirale";2;en;1,02;"sta";rare
"Utter End";"Aus und vorbei";4;en;0,25;"c16";rare
"Anguished Unmaking";"Schmerzerfüllte Auslöschung";3;en;2,14;"soi";rare
"Mirrorweave";"Spiegelgewebe";4;en;0,62;"c16";rare
"Signal the Clans";"Signal für die Clans";2;en;0,47;"gtc";rare
"Inkshield";"Tintenschild";5;en;15,57;"c21";rare
"Quandrix Command";"Quandrix-Befehl";3;en;0,32;"stx";rare
"Eladamri's Call";"Eladamris Ruf";2;en;7,20;"mh1";rare
"Render Silent";"Mit Stummheit schlagen";3;en;2,08;"gk2";rare
"Azorius Charm";"Azorius-Amulett";2;en;0,25;"ima";uncommon
"Dovin's Veto";"Dovins Veto";2;en;2,00;"war";uncommon
"Faithful Mending";"Getreue Wiederherstellung";2;en;0,52;"mid";uncommon
"Congregation at Dawn";"Versammlung am Morgen";3;en;1,23;"rav";uncommon
"Mortify";"Kasteiung";3;en;0,15;"rna";uncommon
"Fracture";"Kraftstein-Fraktur";2;en;0,74;"stx";uncommon
"Boros Charm";"Boros-Amulett";2;en;3,84;"onc";uncommon
"Rip Apart";"Auseinanderreißen";2;en;0,19;"onc";uncommon
"";"Ausgewählter der Ahnfrau";0;;;"";
"Nautiloid Ship";"Nautiloidenschiff";4;en;6,93;"clb";mythic
"Bident of Thassa";"Zweizack der Thassa";4;en;1,00;"ths";rare
"Kefnet's Monument";"Kefnets Monument";3;en;0,22;"akh";uncommon
"Nyx Lotus";"Nyx-Lotus";4;en;3,03;"thb";rare
"Sword of Vengeance";"Schwert der Rache";3;en;0,32;"c17";rare
"Sanctuary Blade";"Klinge des Zufluchtsorts";2;en;0,40;"c20";rare
"Grappling Hook";"Enterhaken";4;en;0,34;"c17";rare
"Dowsing Dagger // Lost Vale";"undefined";2;en;3,56;"xln";rare
"Argentum Armor";"Silberrüstung";6;en;0,58;"c17";rare
"Stoneforge Masterwork";"Steinschmelz-Meisterstück";1;en;1,33;"ogw";rare
"Conqueror's Flail";"Flegel des Eroberers";2;en;2,94;"c16";rare
"Hammer of Nazahn";"Nazahns Hammer";4;en;7,12;"c17";rare
"Dragon Throne of Tarkir";"Drachenthron von Tarkir";4;en;0,21;"ktk";rare
"Luxior, Giada's Gift";"Luxior, Giadas Geschenk";1;en;3,53;"snc";mythic
"Sigiled Sword of Valeron";"Siegelschwert von Valeron";3;en;0,25;"moc";rare
"Conjurer's Mantle";"Mantel des Beschwörers";2;en;0,81;"moc";rare
"Vorpal Sword";"Henkersschwert";1;en;0,89;"afr";rare
"Neurok Stealthsuit";"Neurok-Tarnanzug";2;en;0,51;"5dn";common
"Mage Slayer";"Magiertöter";3;en;0,70;"arb";uncommon
"Skullclamp";"Schädelstrammer";1;en;5,44;"clb";uncommon
"Sword of the Animist";"Schwert der Animistin";2;en;6,91;"e01";rare
"The Key to the Vault";"Schlüssel zum Tresorgewölbe";2;en;0,32;"otj";rare
"";"Ausgewählter der Ahnfrau";0;;;"";
"Ashnod's Altar";"Ashnods Altar";3;en;5,25;"brr";rare
"Treasure Map // Treasure Cove";"undefined";2;en;0,32;"lci";rare
"Unlicensed Hearse";"Unlizenzierter Leichenwagen";2;en;1,42;"otp";rare
"Metallic Mimic";"Metallischer Nachahmer";2;en;4,29;"aer";rare
"Soul of New Phyrexia";"Seele von Neu-Phyrexia";6;en;0,84;"c18";mythic
"Myr Kinsmith";"Myr-Sippenschmied";4;en;0,10;"one";common
"Rug of Smothering";"Teppich des Erstickens";3;en;0,27;"clb";uncommon
"Burnished Hart";"Glanzgeschliffener Hirsch";3;en;0,15;"ths";uncommon
"Palladium Myr";"Palladiummyr";3;en;0,31;"m21";uncommon
"Cathodion";"Kathodion";3;en;0,09;"2xm";common
"Universal Automaton";"Universeller Automat";1;en;0,29;"mh1";common
"Ornithopter";"Ornithopter";0;en;0,15;"brr";uncommon
"Chief of the Foundry";"Vorsteher der Gießerei";3;en;0,16;"2xm";uncommon
"Etherium Sculptor";"Ätherium-Skulpteur";2;en;0,25;"ddu";common
"Iron Myr";"Eisenmyr";2;en;0,15;"mrd";common
"Lion Sash";"Löwenschärpe";2;en;1,49;"neo";rare
"Haywire Mite";"Durchgedrehte Milbe";1;en;2,30;"bro";uncommon
"Threefold Thunderhulk";"Dreifaltiger Donnerhüne";7;en;0,27;"lci";rare
"Myr Battlesphere";"Myr-Kampfkugel";7;en;0,27;"ddu";rare
"Foundry Inspector";"Gießerei-Inspektor";3;en;0,11;"brr";uncommon
"Oketra's Monument";"Oketras Monument";3;en;1,44;"akh";uncommon
"Fire Diamond";"Purpurdiamant";2;en;0,38;"c14";uncommon
"Midnight Clock";"Mitternachtsuhr";3;en;0,46;"woc";rare
"Strixhaven Stadium";"Strixhaven-Stadion";3;en;0,49;"stx";rare
"Misleading Signpost";"Irreführender Wegweiser";3;en;4,12;"woc";rare
"Boros Signet";"Boros-Petschaft";2;en;0,30;"mm3";uncommon
"Marble Diamond";"Schneediamant";2;en;0,12;"khc";common
"Orzhov Signet";"Orzhov-Petschaft";2;en;0,27;"moc";common
"Commander's Sphere";"Sphäre des Kommandeurs";3;en;0,12;"moc";common
"Mind Stone";"Gedankenstein";2;en;0,20;"moc";uncommon
"Progenitor's Icon";"Abbild des Stammvaters";3;en;;"lcc";rare
"Herald's Horn";"Horn des Herolds";3;en;3,53;"moc";uncommon
"Fractured Powerstone";"Gesplitteter Kraftstein";2;en;0,20;"moc";common
"Patriar's Seal";"Siegel der Patriarier";3;en;2,45;"clb";uncommon
"Door of Destinies";"Tür der Schicksale";4;en;;"pmor";rare
"Coat of Arms";"Waffenrock";5;en;10,52;"dpa";rare
"Vanquisher's Banner";"Banner der Siegreichen";5;en;3,38;"moc";rare
"Obelisk of Urd";"Obelisk von Urd";6;en;1,66;"znc";rare
"Quicksilver Amulet";"Quecksilberamulett";4;en;2,22;"ulg";rare
"Urza's Incubator";"Urzas Brutkasten";3;en;12,98;"uds";rare
"Everflowing Chalice";"Immervoller Kelch";0;en;0,35;"2xm";common
"Chromatic Lantern";"Chromatische Laterne";3;en;1,91;"grn";rare
"Blinkmoth Urn";"Blinkmottenurne";5;en;1,03;"c18";rare
"Staff of Domination";"Stab des Beherrschens";3;en;2,40;"cmr";rare
"Horn of Greed";"Horn der Habsucht";3;en;7,86;"cn2";rare
"Glittering Stockpile";"Glitzernde Schatzhalde";3;en;0,11;"snc";uncommon
"Maskwood Nexus";"Maskenwald-Nexus";4;en;2,78;"clb";rare
"Endless Atlas";"Endloser Atlas";2;en;1,12;"c18";rare
"Thran Dynamo";"Thrandynamo";4;en;1,55;"c19";uncommon
"Dreamstone Hedron";"Traumstein-Polyeder";6;en;0,12;"c18";uncommon
"";"Ausgewählter der Ahnfrau";0;;;"";
"Spectral Searchlight";"Spektraler Scheinwerfer";3;en;0,05;"c21";uncommon
"Bonder's Ornament";"Bynder-Ornament";3;en;0,17;"c20";common
"Altar of the Pantheon";"Altar des Pantheons";3;en;0,07;"thb";common
"Commander's Sphere";"Sphäre des Kommandeurs";3;en;0,14;"khc";common
"Wayfarer's Bauble";"Brosche des Wandersmanns";1;en;0,31;"5dn";common
"Talisman of Dominance";"Talisman der Dominanz";2;en;0,86;"woc";uncommon
"Mask of Avacyn";"Avacyns Maske";2;en;0,59;"isd";uncommon
"Mind Stone";"Gedankenstein";2;en;0,17;"onc";uncommon
"Darksteel Plate";"Nachtstahl-Plattenrüstung";3;en;5,26;"ddu";rare
"Loxodon Warhammer";"Loxodon-Kriegshammer";3;en;0,20;"onc";rare
"Commander's Sphere";"Sphäre des Kommandeurs";3;en;0,12;"onc";common
"Mask of Memory";"Erinnerungsmaske";2;en;0,25;"onc";uncommon
"Boros Signet";"Boros-Petschaft";2;en;0,32;"onc";uncommon
"Maul of the Skyclaves";"Hammer der Himmelsfestungen";3;en;0,18;"onc";rare
"Talisman of Conviction";"Talisman der Überzeugung";2;en;0,37;"onc";uncommon
"Ixhel, Scion of Atraxa";"Ixhel, Spross von Atraxa";4;en;0,46;"onc";mythic
"Arcane Signet";"Arkanes Petschaft";2;en;0,38;"clb";uncommon
"Sol Ring";"Sonnenring";1;en;0,69;"clb";uncommon
"Simic Signet";"Simic-Petschaft";2;en;0,26;"cma";common
"Izzet Signet";"Izzet-Petschaft";2;en;0,37;"c20";uncommon
"Talisman of Hierarchy";"Talisman der Hierarchie";2;en;1,05;"clb";uncommon
"Dimir Signet";"Dimir-Petschaft";2;en;0,62;"c18";uncommon
"Selesnya Signet";"Selesnija-Petschaft";2;en;1,57;"cma";common
"Talisman of Creativity";"Talisman der Kreativität";2;en;0,80;"mh1";uncommon
"Dimir Locket";"Dimir-Medaillon";3;en;0,14;"znc";common
"Izzet Cluestone";"Izzet-Rätselstein";3;en;0,16;"dgm";common
"Izzet Locket";"Izzet-Medaillon";3;en;0,15;"grn";common
"Rakdos Locket";"Rakdos-Medaillon";3;en;0,14;"c19";common
"Azorius Signet";"Azorius-Petschaft";2;en;0,30;"khc";uncommon
"Heraldic Banner";"Wappenbanner";3;en;0,86;"eld";uncommon
"Thought Vessel";"Gedankengefäß";2;en;0,67;"cmr";uncommon
"Talisman of Progress";"Talisman des Fortschritts";2;en;1,17;"mrd";uncommon
"Azorius Locket";"Azorius-Medaillon";3;en;0,17;"c19";common
"Unstable Glyphbridge // Sandswirl Wanderglyph";"undefined";5;en;0,30;"lci";rare
"Mind Stone";"Gedankenstein";2;en;0,35;"c18";common
"Relic of Legends";"Relikt der Legenden";3;en;0,99;"dmu";uncommon
"Unstable Obelisk";"Instabiler Obelisk";3;en;0,03;"scd";uncommon
"Fractured Powerstone";"Gesplitteter Kraftstein";2;en;0,38;"pca";common
"Sky Diamond";"Himmelsdiamant";2;en;0,06;"khc";common
"Moss Diamond";"Moosdiamant";2;en;0,07;"cmr";common
"Orzhov Signet";"Orzhov-Petschaft";2;en;0,24;"clb";common
"Bootleggers' Stash";"Versteck der Schmuggler";6;en;2,93;"snc";mythic
"Lifecrafter's Bestiary";"Biotronisches Bestiarium";3;en;0,39;"aer";rare
"Executioner's Capsule";"Kapsel des Henkers";1;en;0,08;"2xm";common
"Ichormoon Gauntlet";"Sekretmond-Handschuh";3;en;5,33;"one";mythic
"Wand of Wonder";"Zauberstab des Wunders";4;en;0,85;"clb";rare
"Vedalken Orrery";"Vedalken-Planetarium";4;en;5,71;"5dn";rare
"Boompile";"Sprenghaufen";4;en;0,38;"c16";rare
"Mirrorworks";"Spiegelwerk";5;en;0,50;"c18";rare
"Strionic Resonator";"Strionischer Resonator";2;en;2,87;"c19";rare
"Mimic Vat";"Bottich der Nachäffung";3;en;0,32;"c19";rare
"Heartstone";"Pulsierender Stein";3;en;1,44;"sth";uncommon
"Library of Leng";"Bibliothek von Leng";1;en;1,06;"4ed";uncommon
"Tormod's Crypt";"Tormods Krypta";0;en;0,51;"m21";uncommon
"";"Ausgewählter der Ahnfrau";0;;;"";
"Staff of Nin";"Nins Stab";6;en;0,90;"m13";rare
"Ratchet Bomb";"Knarrenbombe";2;en;0,34;"som";rare
"Unwinding Clock";"Abwicklungsuhr";4;en;6,39;"c18";rare
"Cloud Key";"Wolkenschlüssel";3;en;1,42;"brr";rare
"Panharmonicon";"Panharmonikon";4;en;3,07;"kld";rare
"Nevinyrral's Disk";"Nevinyrrals Wunderscheibe";4;en;0,46;"c16";rare
"Matzalantli, the Great Door // The Core";"undefined";3;en;0,51;"lci";rare
"The Millennium Calendar";"Der Jahrtausendkalender";1;en;1,60;"lci";mythic
"Instrument of the Bards";"Bardeninstrument";1;en;0,18;"afr";rare
"Rhonas's Monument";"Rhonas' Monument";3;en;0,93;"akh";uncommon
"Collector's Cage";"Käfig des Sammlers";2;en;;"big";mythic
"";"Ausgewählter der Ahnfrau";0;;;"";
"Swiftfoot Boots";"Flinkfuß-Stiefel";2;en;0,95;"c17";uncommon
"Sunforger";"Sonnenschmieder";3;en;1,03;"2xm";rare
"Thran Power Suit";"Thran-Kraftpanzer";2;en;0,22;"bro";uncommon
"Lavaspur Boots";"Lavasporenstiefel";1;en;1,57;"otj";uncommon
"Sword of Sinew and Steel";"Schwert aus Sehnen und Stahl";3;en;7,81;"mh1";mythic
"Sword of War and Peace";"Schwert aus Krieg und Frieden";3;en;5,06;"2xm";mythic
"Sword of Once and Future";"Schwert aus Vergangenheit und Zukunft";3;en;3,38;"mom";mythic
"Sword of Light and Shadow";"Schwert aus Licht und Schatten";3;en;7,10;"dst";rare
"Helm of the Host";"Helm der Schar";4;en;5,11;"dom";rare
"Scytheclaw";"Sensenkralle";5;en;0,17;"znc";rare
"Quietus Spike";"Todesstoß-Nadel";3;en;0,63;"c17";rare
"Gorgon's Head";"Kopf der Gorgo";1;en;1,30;"bng";uncommon
"Gorgon Flail";"Gorgonenflegel";2;en;1,25;"m10";uncommon
"Horn of Valhalla // Ysgard's Call";"undefined";2;en;0,57;"clb";rare
"Zephyr Boots";"Westwindstiefel";1;en;0,12;"stx";uncommon
"Prowler's Helm";"Helm des Herumtreibers";2;en;0,82;"ths";uncommon
"Lightning Greaves";"Beinschienen des Blitzes";2;en;4,57;"c16";uncommon
"Whispersilk Cloak";"Mantel aus Flüsterseide";3;en;1,06;"dst";common
"Heirloom Blade";"Zweischneidiges Erbstück";3;en;0,33;"c17";uncommon
"Moonsilver Spear";"Speer aus Mondsilber";4;en;0,30;"avr";rare
"Trailblazer's Boots";"Pionierstiefel";2;en;0,93;"zen";uncommon
"Umbral Mantle";"Schattenhafter Mantel";3;en;9,40;"plst";uncommon
"Monster Manual // Zoological Study";"undefined";4;en;6,31;"clb";rare
"Shameless Charlatan";"Schamloser Scharlatan";2;en;0,16;"clb";rare
"Agent of the Shadow Thieves";"Agent der Schattendiebe";2;en;0,17;"clb";uncommon
"Tavern Brawler";"Raufbold";3;en;0,14;"clb";common
"Far Traveler";"Weitreisender";3;en;0,16;"clb";uncommon
"Flaming Fist";"Flammende Faust";3;en;0,12;"clb";common
"Hardy Outlander";"Abgehärteter Sonderling";2;en;0,10;"clb";uncommon
"Candlekeep Sage";"Weiser aus Kerzenburg";3;en;0,09;"clb";common
"Raised by Giants";"Aufgewachsen bei den Riesen";6;en;0,20;"clb";rare
"Agent of the Iron Throne";"Agent des Eisernen Throns";3;en;0,37;"clb";uncommon
"Street Urchin";"Straßenkind";2;en;0,10;"clb";uncommon
"Sword Coast Sailor";"Schwertküstenmatrose";2;en;0,13;"clb";uncommon
"Folk Hero";"Volksheld";2;en;3,84;"clb";mythic
"Ugin, the Ineffable";"Ugin der Unergründliche";6;en;1,10;"war";rare
"Angel of Suffering";"Engel des Leids";5;en;1,54;"snc";mythic
"Sanitarium Skeleton";"Skelett aus dem Sanatorium";1;en;0,12;"c19";common
"Grasping Scoundrel";"Habgieriger Halunke";1;en;0,14;"rix";common
"";"Ausgewählter der Ahnfrau";0;;;"";
"";"Ausgewählter der Ahnfrau";0;;;"";
"Shriekmaw";"Kreischmaul";5;en;0,18;"c20";uncommon
"Plaguecrafter";"Seuchensäer";3;en;0,27;"grn";uncommon
"Vampiric Rites";"Vampirische Riten";1;en;0,19;"scd";uncommon
"Animate Dead";"Belebung der Toten";2;en;5,31;"ema";uncommon
"Scheming Symmetry";"Raffinierte Symmetrie";1;en;4,25;"m20";rare
"Sign in Blood";"Mit Blut unterschreiben";2;en;1,70;"sta";rare
"In Garruk's Wake";"Auf Garruks Pfad";9;en;1,00;"znc";rare
"Stitch Together";"Zusammenflicken";2;en;2,43;"c18";uncommon
"Pact of the Serpent";"Pakt der Schlange";3;en;1,47;"khc";rare
"Painful Truths";"Schmerzliche Wahrheit";3;en;0,24;"moc";rare
"Atrocious Experiment";"Grausames Experiment";3;en;0,13;"clb";common
"Shoot the Sheriff";"Schuss auf den Sheriff";2;en;0,21;"otj";uncommon
"Fake Your Own Death";"Tod vortäuschen";2;en;0,06;"otj";common
"Corrupted Conviction";"Verdorbene Überzeugung";1;en;0,13;"otj";common
"Insatiable Avarice";"Unstillbare Habgier";1;en;4,13;"otj";rare
"Overwhelming Forces";"Übermächtige Streitkraft";8;en;;"otp";mythic
"Rush of Dread";"Angstrausch";3;en;0,59;"otj";rare
"Pitiless Carnage";"Erbarmungsloses Gemetzel";4;en;0,23;"otj";rare
"Rush of Dread";"Angstrausch";3;en;0,59;"otj";rare
"Exhume";"Exhumierer des Skirk-Gebirges";2;en;5,27;"jmp";uncommon
"Read the Bones";"Aus den Knochen lesen";3;en;0,37;"moc";common
"Bone Splinters";"Knochenspreißel";1;en;0,07;"ddn";common
"Graveyard Shift";"Friedhofsdienst";5;en;0,11;"snc";uncommon
"Painful Lesson";"Schmerzhafte Lektion";3;en;0,12;"bbd";common
"Feed the Swarm";"Futter für den Schwarm";2;en;0,24;"znr";common
"Smallpox";"Blattern";2;en;0,23;"cns";uncommon
"Blood for Bones";"Blut für Knochen";4;en;0,24;"m20";uncommon
"Go Blank";"Gedankenaussetzer";3;en;0,49;"stx";uncommon
"Diabolic Tutor";"Teuflischer Lehrmeister";4;en;0,41;"m14";uncommon
"Ambition's Cost";"Preis des Ehrgeizes";4;en;0,22;"khc";uncommon
"Damnable Pact";"Schändlicher Pakt";2;en;0,18;"c21";rare
"Kindred Dominance";"Vorherrschaft der Sippe";7;en;7,01;"woc";rare
"Dredge the Mire";"Morast umgraben";4;en;0,21;"c20";rare
"Deadly Tempest";"Tödlicher Sturmwind";6;en;0,58;"c20";rare
"Infernal Grasp";"Höllischer Griff";2;en;1,27;"mid";uncommon
"Dark Ritual";"Schwarzer Ritus";1;en;4,69;"a25";common
"Cast Down";"Niederschlagen";2;en;0,46;"dom";uncommon
"You Are Already Dead";"Du bist bereits tot";1;en;0,07;"neo";common
"Village Rites";"Dorfrituale";1;en;0,31;"sta";uncommon
"Pile On";"Helmspecht-Versorger";4;en;0,48;"mom";rare
"Stinging Study";"Stechendes Studium";5;en;5,18;"c21";rare
"Black Sun's Twilight";"Dämmerung der Schwarzen Sonne";1;en;0,30;"one";rare
"Deadly Dispute";"Tödlicher Disput";2;en;1,83;"clb";common
"Reckless Spite";"Skrupelloser Wahn";3;en;0,10;"woc";uncommon
"Sickening Shoal";"Krankmachender Schwarm";2;en;1,86;"bok";rare
"Homicide Investigator";"Mordinspektorin";2;en;0,17;"mkm";rare
"Extract a Confession";"Ein Geständnis entlocken";2;en;0,14;"mkm";common
"Snarling Gorehound";"Knurrender Bluthund";1;en;0,10;"mkm";common
"Outrageous Robbery";"Unverschämte Räuberei";2;en;0,45;"mkm";rare
"Victimize";"Ausschlachten";3;en;0,63;"cmr";uncommon
"Tragic Slip";"Tragischer Ausrutscher";1;en;0,41;"dka";common
"Ghastly Demise";"Grausiges Ableben";1;en;0,07;"cmr";common
"";"Ausgewählter der Ahnfrau";0;;;"";
"Reverse the Sands";"Die Sanduhr umdrehen";8;en;0,32;"c16";rare
"Planar Cleansing";"Weltenreinigung";6;en;0,25;"m14";rare
"Bovine Intervention";"Aua-Ochse";2;en;0,17;"otj";uncommon
"Claim Jumper";"Landräuber";3;en;0,74;"otj";rare
"Another Round";"Noch eine Runde";3;en;0,21;"otj";rare
"Swords to Plowshares";"Schwerter zu Pflugscharen";1;en;0,99;"moc";uncommon
"Path to Exile";"Weg ins Exil";1;en;0,74;"moc";uncommon
"Mentor of the Meek";"Mentor der Sanften";3;en;0,21;"onc";rare
"Generous Gift";"Großzügiges Geschenk";3;en;0,59;"onc";uncommon
"Hour of Reckoning";"Stunde der Abrechnung";7;en;0,22;"onc";rare
"Tocasia's Welcome";"Tocasias Begrüßung";3;en;3,51;"bro";rare
"Clever Concealment";"Kluge Tarnung";4;en;12,13;"onc";rare
"Collective Effort";"Vereinte Kräfte";3;en;0,20;"onc";rare
"Cut a Deal";"Geschäft abschließen";3;en;0,18;"onc";uncommon
"Martial Coup";"Kriegscoup";2;en;0,18;"onc";rare
"Felidar Retreat";"Felidar-Zuflucht";4;en;0,83;"onc";rare
"Flawless Maneuver";"Beispielloses Manöver";3;en;9,73;"onc";rare
"Finale of Glory";"Finale des Ruhms";2;en;0,54;"onc";mythic
"Path to Exile";"Weg ins Exil";1;en;0,69;"onc";uncommon
"Vanquish the Horde";"Sieg über die Horde";8;en;3,09;"mid";rare
"Unyielding Gatekeeper";"Unnachgiebiger Torwächter";2;en;0,14;"mkm";rare
"Wojek Investigator";"Wojek-Ermittlerin";3;en;0,02;"mkm";rare
"Unbreakable Formation";"Unzerstörbare Formation";3;en;0,31;"moc";rare
"Loyal Warhound";"Loyaler Kriegshund";2;en;0,44;"afr";rare
"Glory";"Ruhmschuppen-Viashino";5;en;0,25;"dmr";rare
"Everything Comes to Dust";"Jeder wird zu Staub";10;en;1,35;"who";rare
"Masako the Humorless";"Masako die Humorlose";3;en;1,39;"chk";rare
"Felidar Sovereign";"Felidar-Herrscher";6;en;1,06;"bfz";rare
"Grand Abolisher";"Großer Abschaffer";2;en;5,89;"e01";rare
"Loyal Unicorn";"Loyales Einhorn";4;en;0,25;"c18";uncommon
"Selfless Savior";"Selbstloser Retter";1;en;0,27;"m21";uncommon
"Eidolon of Rhetoric";"Eidolon der Redekunst";3;en;;"plst";uncommon
"Moon-Blessed Cleric";"Mondgesegnete Klerikerin";3;en;0,70;"afr";uncommon
"Defiler of Faith";"Verseucher des Glaubens";5;en;0,35;"dmu";rare
"Windborn Muse";"Muse des Windgeflüsters";4;en;0,35;"c21";rare
"Mirror Entity";"Spiegelwesen";3;en;0,63;"c16";rare
"Keeper of the Accord";"Hüter des Einklangs";4;en;0,53;"cmr";rare
"Deafening Silence";"Ohrenbetäubende Stille";1;en;1,13;"eld";uncommon
"Intangible Virtue";"Unangreifbare Tugend";2;en;0,21;"c19";uncommon
"Ghostly Prison";"Gespenstisches Gefängnis";3;en;2,51;"c19";uncommon
"Blind Obedience";"Blinder Gehorsam";2;en;2,35;"c16";rare
"Nine Lives";"Neun Leben";3;en;0,38;"m21";rare
"Sigarda's Aid";"Sigardas Hilfe";1;en;8,53;"emn";rare
"Glorious Anthem";"Glorreiche Hymne";3;en;0,39;"9ed";rare
"Radiant Destiny";"Strahlende Verheißung";3;en;0,10;"rix";rare
"Rally the Ranks";"Zusammenkunft der Krieger";2;en;0,20;"khm";rare
"Kismet";"Kismet";4;en;0,37;"5ed";uncommon
"Authority of the Consuls";"Autorität der Konsuln";1;en;8,89;"kld";rare
"Aura of Silence";"Aura des Schweigens";3;en;3,38;"c15";uncommon
"Cut a Deal";"Geschäft abschließen";3;en;0,24;"clb";uncommon
"Revoke Existence";"Existenz aberkennen";2;en;0,12;"bng";common
"Makindi Stampede // Makindi Mesas";"undefined";5;en;0,15;"znr";uncommon
"Planar Cleansing";"Weltenreinigung";6;en;0,28;"m13";rare
"Doomskar";"Doomskar";5;en;0,84;"khm";rare
"Approach of the Second Sun";"Herannahen der zweiten Sonne";7;en;1,30;"akh";rare
"Akroma's Vengeance";"Akromas Rache";6;en;0,28;"c20";rare
"Promise of Loyalty";"Treueversprechen";5;en;0,30;"moc";rare
"Faceless One";"Der Gesichtslose";5;en;0,10;"clb";special
"Storm Herd";"Sturmherde";10;en;0,29;"c19";rare
"Martial Coup";"Kriegscoup";2;en;0,30;"c18";rare
"Descend upon the Sinful";"Sturzflug auf die Sünder";6;en;0,27;"c20";mythic
"Slaughter the Strong";"Die Starken metzeln";3;en;0,54;"rix";rare
"Phyrexian Rebirth";"Phyrexianische Wiedergeburt";6;en;0,21;"c19";rare
"Idyllic Tutor";"Idyllischer Lehrmeister";3;en;3,75;"thb";rare
"Austere Command";"Nüchterner Befehl";6;en;0,56;"clb";rare
"Entreat the Angels";"Anrufung der Engel";3;en;1,33;"c18";mythic
"Wrath of God";"Zorn Gottes";4;en;2,84;"5ed";rare
"Terminus";"Endpunkt";6;en;0,90;"c18";rare
"Dismantling Wave";"Zerlegende Welle";3;en;0,64;"c20";rare
"Fumigate";"Ausräuchern";5;en;0,31;"kld";rare
"Farewell";"Abschied";6;en;4,96;"neo";rare
"Boreas Charger";"Boreas-Streitross";3;en;0,29;"c18";rare
"Dawn Charm";"Amulett der Dämmerung";2;en;0,64;"uma";uncommon
"Return to Dust";"Zu Staub zurückkehren";4;en;0,10;"moc";uncommon
"Your Temple Is Under Attack";"Dein Tempel wird angegriffen";3;en;0,22;"clb";common
"Stroke of Midnight";"Es schlägt Mitternacht";3;en;1,29;"woe";uncommon
"Angelic Ascension";"Engelhafter Aufstieg";2;en;0,06;"m21";uncommon
"Afterlife";"Tor zum Jenseits";3;en;0,11;"c14";uncommon
"Rebuff the Wicked";"Zurückweisung der Bösen";1;en;1,78;"plc";uncommon
"Rootborn Defenses";"Verwurzelter Verteidiger";3;en;0,14;"rtr";common
"Wing Shards";"Flügelscherben";3;en;0,05;"mh1";uncommon
"Condemn";"Verdammen";1;en;0,16;"c17";uncommon
"Calamity's Wake";"Spuren der Verheerung";2;en;0,12;"bro";uncommon
"Disenchant";"Entzauberung";2;en;0,08;"ima";common
"Crib Swap";"Wechselbalg";3;en;0,13;"clb";common
"Generous Gift";"Großzügiges Geschenk";3;en;0,42;"cmm";common
"Mana Tithe";"Manazehnt";1;en;0,78;"sta";rare
"Get Lost";"Das Weite suchen";2;en;6,18;"lci";rare
"Flawless Maneuver";"Beispielloses Manöver";3;en;10,08;"c20";rare
"Make a Stand";"Widerstand leisten";3;en;0,13;"cmr";uncommon
"Tragic Arrogance";"Tragische Arroganz";5;en;0,84;"ori";rare
"Novice Inspector";"Inspektor-Neuling";1;en;0,32;"mkm";common
"Forum Familiar";"Forum-Vertrauter";1;en;0,08;"mkm";uncommon
"Steppe Lynx";"Steppenluchs";1;en;0,14;"zen";common
